image_id,melanoma,compactness,assymetry,border_irr,hue_sd,satur_sd,value_sd,iqr_val
ISIC_0013525,1.0,2.4740000887186917,0.010475859297403212,3.1847134222480347,2.6646489133783358,14.885395558918834,21.357338460751386,18.188999905053365
ISIC_0010231,1.0,1.41490537350857,0.0021727910471413016,3.275853391750519,9.991442357196117,9.179130558090698,11.93317287864837,5.13224494293101
ISIC_0000531,1.0,3.59176358060256,0.060177469773692926,3.3267827085423995,1.6104543789150307,8.175444565697868,28.201505367334825,9.48453986841239
ISIC_0000552,1.0,1.878777942519687,0.01762465471891999,3.5383675477392984,6.659261575956742,24.540373998653134,21.76383206072927,27.081727402867557
ISIC_0013975,1.0,0.866660932937357,0.027135405511011578,2.57803409665036,3.7416490265421642,8.751111460848334,18.712370358558918,6.764205869099683
ISIC_0000026,1.0,0.9345561620047423,0.0008857248777966291,2.259230986125483,156.2172682403113,11.512624189918057,18.940840477391987,6.493989625486407
ISIC_0000550,1.0,2.3199502808864327,0.01590167244752082,3.1525542311755514,4.509019636282828,16.327673904744074,23.851662371576197,19.647693470897323
ISIC_0000151,1.0,1.0661528587779725,0.006815194323706682,2.202346486364101,5.3699314909436735,16.223606969674993,19.566672740303705,29.397133781798576
ISIC_0010089,1.0,1.2244700156274924,0.030850568777008258,4.04617360090858,6.931148761527161,14.380956825868665,19.022666364596038,20.449917782851244
ISIC_0012151,1.0,1.78971497616812,0.0011626801297384493,2.413443997743999,4.865012492285815,11.179238159082724,22.15805410166878,7.439190483741392
ISIC_0013739,1.0,0.9935949562775969,0.03290908790770834,4.283781467577596,167.21456404614992,9.505933532087104,14.77225682268741,4.136142655022127
ISIC_0010067,1.0,1.2071671046615795,0.004872092605671738,2.319861005273771,44.395621308455205,9.786094203847506,16.831690395322614,14.068260804170976
ISIC_0011176,1.0,2.120234404083179,0.033126214722635924,3.3076826928285388,6.200741036260448,16.61789413862111,27.82271206305224,27.322071586963432
ISIC_0000159,1.0,0.935246034350093,0.0021997766190259087,3.010692239323555,168.69000722142977,24.894238459373664,24.82132312887443,46.529063061613144
ISIC_0013652,1.0,1.096395878934711,0.01959762851382715,2.8822819842518785,84.62283370957203,8.859195475025425,18.932180005410178,3.0668090680494444
ISIC_0012434,1.0,1.569648183162157,0.003135641508010075,2.8740608858764296,2.6888317028010897,11.080689778063965,20.797845103622485,8.673094668233048
ISIC_0011387,1.0,1.8296880830317586,0.03547701308520107,3.7866493202648877,5.875150692860774,14.707366620524226,19.663629907982106,10.198669218111696
ISIC_0000306,1.0,3.8085850740074436,0.02332237921655178,2.8528166680984546,2.557572958379091,6.12018431087882,18.02978136555955,16.255472650543567
ISIC_0010358,1.0,0.9256515083683665,0.004483384136814705,3.118959161205703,33.81434453277898,14.523463333378185,19.826933586262623,21.13713967190587
ISIC_0009950,1.0,0.8867697655756737,0.0006728793688981467,3.2103621485623743,3.1167742976427184,18.600826554657484,18.321453777864765,14.648342641302428
ISIC_0012715,1.0,1.2856631578192284,0.009248396834690779,2.5540508173994656,127.14677576507212,6.72732650318287,21.931443791087393,2.3002231860974405
ISIC_0010029,1.0,0.8935346049154671,0.04940403678289657,2.539153641292279,3.8923378180490333,8.463127661551145,8.368260412958387,2.7275032674999693
ISIC_0000171,1.0,1.1078532620996624,0.0011288331438148464,3.2200940422599285,99.2877038494704,20.018019040947237,18.774033376587784,15.91615829905497
ISIC_0001152,1.0,1.363560335233251,0.01736282929778099,3.09444855547071,112.59790601139481,18.543211645222378,20.143769169786445,18.796453147628398
ISIC_0013948,1.0,0.8983392305786908,0.05252943130571317,2.4672376676202736,79.65395040168383,14.773179454629597,20.584468961357228,10.441577002340217
ISIC_0013988,1.0,0.9720193257626292,0.01741151428057298,2.3687831633520684,2.324144573319426,7.441659381659454,21.366513163167507,1.7255586587169063
ISIC_0000302,1.0,1.1656678317397804,0.06717699113852842,3.236099828097636,114.61599077013524,11.943923417897008,20.17018834182802,31.642159587437455
ISIC_0012356,1.0,105.48603033666662,0.021476384493975955,3.2321673637714063,3.164690412704882,5.239644117524219,34.9149258274103,75.18738874848776
ISIC_0000164,1.0,0.967403533477365,0.04405955349074858,3.1545114967023413,126.83061504890583,10.480528655537444,25.93905881133254,38.635226118414636
ISIC_0000533,1.0,0.9423399769889653,0.010477644436317955,2.7806003928924348,4.023092264932053,15.987145916743506,18.16959045869319,14.875861950386025
ISIC_0013277,1.0,0.879074312912824,0.007507050357900461,3.107086029005242,23.58940892703808,15.345286536878845,16.351879026744587,10.781319342329304
ISIC_0013491,1.0,1.7055495655598212,0.004020741382716615,3.3446876849377207,3.947335201355342,13.061317208079645,20.406607637109854,9.402519905014401
ISIC_0013198,1.0,1.1969478910649218,0.014990455476000393,4.6979681929320565,151.34298194043373,10.52841205503614,18.24976983065755,12.408773563987879
ISIC_0000517,1.0,1.1600611564952363,0.007042691102818941,2.248551074285924,4.352204866763511,7.992152347344437,15.507777513754693,7.837825726342643
ISIC_0011210,1.0,0.9515056775528498,0.009142272957875635,4.124542890094244,70.58598859174911,18.503709838966365,16.915604658351057,20.076367160709154
ISIC_0000163,1.0,1.0366159064108116,0.009345187877214615,2.3955192867056696,137.27013237873086,20.82320188907133,24.981170369469023,42.97324407455735
ISIC_0000155,1.0,0.8530679258550101,0.005081179500210192,2.734811185474961,49.82394972018056,19.46294445384593,25.539973116196585,26.868432270342296
ISIC_0000078,1.0,1.5944793752414135,0.02591169335835423,2.722710859365655,121.02843754918459,21.3170876606112,20.533231758997932,8.492768978019896
ISIC_0011130,1.0,3.125331537295499,0.03469701498911047,3.0373320953041216,3.4537554102431636,6.408591491735262,24.64072585025352,12.835765617818659
ISIC_0010034,1.0,1.9196831369903082,0.0029695698165192424,3.4863553872270923,60.459252243495044,10.57269015159012,20.55498240177789,20.65251892889968
ISIC_0000141,1.0,8.104246569325154,0.015798553526385956,2.4649734125835003,8.222392815941824,13.063839719025541,22.77990097795353,38.96905700307707
ISIC_0000547,1.0,1.1321001121430425,0.06814845779137724,2.967720590176038,2.2835671759302865,10.35483289081417,14.181278829452879,3.8515463836675963
ISIC_0000281,1.0,0.9570343770926804,0.002130980552533621,3.2804000893631535,162.5816903693838,9.43109290040273,16.332930115705224,19.402526589666877
ISIC_0000157,1.0,0.9477517891348529,0.0033785361178071955,2.3280430153391523,100.68329160881198,8.687296306928683,20.482528907513668,34.744350375751615
ISIC_0000297,1.0,0.8596351183334835,0.0009755707580295198,3.7364793631666613,3.1168595568390756,7.9051693349521255,21.112020621878084,34.75841174592443
ISIC_0000160,1.0,1.0123888493714808,0.00805979884410553,3.335719767210152,24.41943589596491,15.404308642365155,14.10825527838264,11.262746149703545
ISIC_0000043,1.0,1.002846204065812,0.0019321708930773861,2.8476425357898174,86.17049039271114,15.964728227842423,20.046271969628386,19.725911075305135
ISIC_0000153,1.0,2.0715868109354485,0.0005307808046158879,3.5881323664497295,2.5040817547927734,10.406029361755063,26.050101378290407,8.665647810743543
ISIC_0000002,1.0,1.7454727194741841,0.020721290476583866,2.6631894085947296,139.71316920014524,10.169995386549424,19.502322596554315,9.630474569762114
ISIC_0010852,1.0,1.5071376553156723,0.002321944747192342,3.7890098142666346,8.390161152626991,20.644414554916338,20.677574290108968,26.25025286041111
ISIC_0000313,1.0,0.8525431963045842,0.0074177190016903646,2.2311212929680657,2.415898627410176,12.680765289336069,18.45425744475399,13.416731829949825
ISIC_0009955,1.0,1.010379468706817,0.01098502826077577,3.192975101948524,3.6357770703441807,13.626247539263458,13.981468835662971,6.838014108437321
ISIC_0010587,1.0,1.3849960412813975,0.010917506354653352,2.887493118747492,91.7913027149134,13.966924969980994,21.347346165641007,29.625779770427798
ISIC_0000292,1.0,1.0354476433674882,0.006937401591892948,3.0082222275347044,3.071553341722092,11.157283949888871,17.755184039111025,9.880905364441361
ISIC_0000548,1.0,2.713515654958808,0.035334168613316425,2.9524989259345245,3.5711558322414074,11.250380431416573,26.958382840644575,5.620589581424774
ISIC_0000152,1.0,1.7830703855264634,0.0035190030674310275,3.7827379965464965,4.133622543325524,12.55115156770269,21.26292837767615,29.62735020340646
ISIC_0000074,1.0,1.557792939918416,0.026776132280835627,2.950871066973001,73.7832050266564,9.445686244686122,24.66077617800608,35.076716662871995
ISIC_0011158,1.0,0.680637547039969,0.010584761149079793,2.8790077149217286,111.98251350747822,11.30720913248488,20.751533868943437,10.457774273195255
ISIC_0012749,1.0,1.3149015832877187,0.04188715629388006,3.6715285282791665,103.98922907582876,9.098234115643814,17.049232200171478,24.690264192077375
ISIC_0000469,1.0,5.695240876212416,0.025540292271214026,3.9562336217112852,2.902850952042625,16.395950756073823,24.101524411568704,15.40722541323921
ISIC_0011366,1.0,0.9204201604144547,0.0016251371341671763,2.922490743487512,3.536940948072917,10.748006858287797,10.083513321439499,9.186557136729732
ISIC_0013987,1.0,0.9067534085390548,0.009305668327840237,2.4179297352790057,2.8286842505698395,9.770919489624015,18.817578946960733,1.926279771350238
ISIC_0000176,1.0,2.986505117018712,0.0010585861259055874,3.113859386756714,105.74536567108596,16.964647845248,26.0903262111958,20.03703452544785
ISIC_0011344,1.0,0.8653473120579719,0.0028460224912696336,3.0024720486861423,3.935934183474448,7.34544656592243,17.012323486456992,4.179260915831563
ISIC_0012701,1.0,1.8455592570103836,0.006858597230446804,3.316827308442368,3.4797418758095824,11.409837876749727,18.565374623714426,16.102567613626874
ISIC_0000165,1.0,2.414853752879469,0.03564163367588767,3.579373320937698,157.25417812576868,22.212045028153728,26.038671928538044,42.81267769197497
ISIC_0012137,1.0,1.114690390088094,0.0048290892886757265,3.6284698736701806,6.674410230113259,11.868612263510942,16.979369605581383,21.539797398666465
ISIC_0012758,1.0,1.858230196640039,0.015501655749912382,4.14101958488819,64.08665971255718,19.000408810844327,23.914070586856642,38.29412975949943
ISIC_0011136,1.0,0.9574630794953607,0.05221251770853996,2.807132567273134,4.063406905031866,7.35788711376748,18.147825494309597,6.690248163866158
ISIC_0010000,1.0,2.554815982690269,0.0014834062910818165,3.794057553853524,6.137745258186848,11.529216156357716,24.319037164468845,10.439244027689263
ISIC_0011161,1.0,1.0670390556475122,0.013620619091825633,2.692388307346146,5.009376870802125,10.752360801946235,19.436021924273867,4.232875358468618
ISIC_0011305,1.0,2.7596353536821274,0.006397615064026269,3.9395947084629617,2.5841369568034565,9.039352240394278,30.57554312850788,14.877800811902873
ISIC_0010016,1.0,0.9603633902286095,0.016182507104515315,2.8712273681231553,7.119906548282769,15.706067585276976,17.9733952464733,22.8097739991153
ISIC_0000293,1.0,0.7336081408118766,0.021496634930372238,4.3359532261700435,44.82489145105814,13.239674276525438,18.5450129158639,21.140151742546678
ISIC_0011137,1.0,1.8016839095857684,0.016982334304039174,3.430543883194137,3.502951369380492,17.471173000395442,25.881540920360475,10.844186683178805
ISIC_0010468,1.0,3.744499297836368,0.0045084817277564635,2.8740116668512945,6.238801391496198,8.797174372387826,25.96957708780616,23.478329177962024
ISIC_0013832,1.0,0.8822067360607736,5.4954395775751504e-06,2.4487497439239325,2.5236452736021677,4.956924337198153,19.714378130428678,4.442891243924862
ISIC_0011135,1.0,2.1595268112832047,0.014047098173068156,3.420654054810974,50.04940896830002,11.495772741764169,18.06336590794482,24.278668956264656
ISIC_0000054,1.0,2.198875680638787,0.007626983474612738,3.2213989309736584,3.324684377887694,16.318685064914224,21.99993084226146,14.123813563955949
ISIC_0010863,1.0,1.0467929861116112,0.008123456465826318,2.6195226963704408,5.833667668562691,6.798917447445587,14.587075755491044,19.034735581151693
ISIC_0000143,1.0,0.9127423778738617,0.02040858053356447,1.764531213858405,4.781080953112684,18.26139863809402,18.36052231205947,20.057513725485087
ISIC_0000289,1.0,0.921990556239471,0.012206670559430014,2.066526515701722,4.140233615242581,16.30908861536935,21.57962494237712,33.22231803534439
ISIC_0013072,1.0,0.8127248953217094,0.006315855956378488,3.042083484010756,3.4580068559801087,9.808091009097641,20.700340363840173,4.0188379448750595
ISIC_0000288,1.0,0.9900682413380795,0.009865449225971355,3.0210309544457052,32.25018893445276,15.328296794817389,14.156008997744843,13.102710590834619
ISIC_0011166,1.0,3.331752273689477,0.018975638544865073,4.46290533095621,36.283998763404156,11.690831957975433,29.435016684914547,10.64633148898757
ISIC_0000516,1.0,1.2221433727382431,0.014757758915388363,2.706277644555468,2.625625333406925,10.140935310358772,19.076330592847512,11.154478988165138
ISIC_0000283,1.0,1.822634778201935,0.005450293853526687,3.112572458225985,151.41264199331638,16.823078045172682,25.32135481451417,44.98098565734142
ISIC_0013232,1.0,2.0843437167514725,0.003435100017578297,3.3072718999604143,4.187713909472977,12.488738292457448,23.828073376711657,22.692517774063802
ISIC_0011163,1.0,0.9428118474527843,0.02001183863483286,3.9029786638421853,6.902260702619916,21.64895508163583,15.56428901414266,21.05773016516575
ISIC_0009897,1.0,1.608269626874296,0.023450565216269082,3.2595411219958805,5.111963304714963,22.710259011663414,24.173278037846572,11.467246537924176
ISIC_0010036,1.0,2.8130807652811916,0.016701365545688376,3.536342127724892,6.729511251787606,8.34323543425884,22.933852670743246,9.62588549241162
ISIC_0000167,1.0,1.1092128540753448,0.06275477406698322,3.821682124085045,78.89300359003822,16.863530826039696,20.27822117629653,22.03982867661415
ISIC_0000077,1.0,0.9077519760648068,0.01041809888639073,2.1995695636869725,53.59861707680077,10.31410316546733,18.644595173011847,3.9681896514801167
ISIC_0000029,1.0,2.0390020657092824,0.00022347165602772275,3.275306855053288,41.95793669012976,9.98279802371914,18.653290951719214,20.087110117483334
ISIC_0011348,1.0,0.9006045524642086,0.010209035783524244,2.712114591915784,23.013553870421546,12.134107261834522,16.764223794422488,9.87514090162189
ISIC_0009918,1.0,0.887099001747946,0.028150963029918243,2.783362081207066,139.23538206511043,7.11132902015853,16.67654582352443,24.078181268068626
ISIC_0000276,1.0,1.2947117897014655,0.013908576805852332,3.0614318856186578,89.85138063354633,12.896809284606178,26.997229751178146,48.51651593087303
ISIC_0013678,1.0,8.120913160439953,0.02354843215054157,3.258974104786931,41.95593378482811,8.282094588509109,15.152663415452219,21.248436399193693
ISIC_0000301,1.0,0.5576987377182953,0.0145191615447402,3.3039393558215147,32.11025937563617,7.755493437591247,14.608466715701333,10.364343474646084
ISIC_0000307,1.0,1.0615041713795301,0.014129104414675998,2.806041051756094,97.96253187241146,14.012056325168789,15.60088660263352,18.90018630745689
ISIC_0013844,1.0,1.9143896098875195,0.06989800267453261,4.260933470011033,2.6054838574486645,9.387470581034268,22.69002272821286,9.398168721406122
ISIC_0009971,1.0,2.1168820581128878,0.010622770029192345,4.0837124494713635,3.347109717732255,15.778896908789257,23.411046280920704,11.24432375384508
ISIC_0013073,1.0,0.990994097718607,0.043059374734211314,1.9641307561540982,3.377384954758217,11.743257073486097,18.669134868589648,4.320710092653293
ISIC_0000285,1.0,0.8571235564135289,0.0003633409214671701,2.7551597276181883,2.8313570891568265,14.129191336420284,15.52810506641339,11.239483323009125
ISIC_0010194,1.0,0.8863981254839381,0.0033450647087621952,4.11335060083595,27.210065720507227,13.555022835223067,17.67181972091946,18.95782741549253
ISIC_0001140,1.0,1.881810466106486,0.005234885673884775,2.9806936108609974,116.08170915746386,11.683386692262069,20.26943298332602,18.143262268141903
ISIC_0013842,1.0,4.17214505226973,0.0028084353499727654,2.405894940547649,4.604139857945389,7.765397163017754,30.648057740680763,4.164314103606415
ISIC_0010054,1.0,0.9663767461265258,0.01622687161094285,2.75370477856153,134.53390622648396,7.161128698587238,19.648408054299683,3.7331428895131893
ISIC_0012099,1.0,1.6468852592759675,0.004124270558195517,2.7527423965881,60.450779036994994,16.194547047717236,20.706416659523303,33.716523498126975
ISIC_0000555,1.0,2.383807089579712,0.005189309929754361,3.755646135601187,3.423857480947165,8.328454752980992,28.142957741479226,4.847114824356154
ISIC_0000511,1.0,4.387777735443152,0.00455969407614722,2.9336855836276503,98.5365081768862,10.34208402963065,29.331921882174502,14.699070182491624
ISIC_0010081,1.0,0.8951254168584156,0.003500929336847658,2.8873952484962144,125.84940571917797,8.849013597293734,18.82578106590066,6.783229156495246
ISIC_0009910,1.0,1.1580090071536557,0.012651284475091645,2.728746292047394,7.637308099421161,14.815755329462142,15.922628355939048,16.97609412361504
ISIC_0013258,1.0,1.678745624497512,0.0022556064965813063,3.131239605616804,5.760640884496342,14.594817955887372,16.74037112922691,12.789425833779873
ISIC_0000551,1.0,3.425142184360012,0.007068268453328153,3.5726895253301425,2.9774765641117504,9.170235108631806,26.670058804637858,3.5252490597574706
ISIC_0010597,1.0,0.959107212153444,0.011715612430198964,2.49521395914448,153.97369855708973,9.97717699513226,15.580841762050095,24.000953276488133
ISIC_0000046,1.0,2.4023724913379487,0.0020703869673937263,2.8699655461076725,38.71883541057927,9.638585223769978,23.163695804385963,17.601342345479885
ISIC_0011121,1.0,0.33736088976136935,0.013252760508274862,1.899092673368194,7.010775800002928,12.947720588158628,11.736481071955287,11.547850706734849
ISIC_0011126,1.0,0.8804378217733646,0.012297900525566488,2.549896397434338,134.50134491169908,10.65992262541639,22.504854660981213,28.06216590127036
ISIC_0011169,1.0,0.9343265258733797,0.012672450424462672,3.1789113355963914,8.831082825120049,22.04574774294253,15.528155540281201,10.505307544308977
ISIC_0010860,1.0,1.6091588799637442,0.012073046331460693,3.2408070181911732,7.966779794367637,15.749085837612165,22.66017750357403,16.27411145215155
ISIC_0012391,1.0,4.094216408686739,0.005881219920413768,4.030257547910146,4.290210340472814,9.688384786992033,27.935650767110616,14.72180866089105
ISIC_0012988,1.0,1.762477764235389,0.0015442516070135177,3.1449689757899226,3.117800478555597,20.291784128162227,23.055266986851635,25.31918494207666
ISIC_0010241,1.0,1.5844686256564122,0.026173420678143183,3.5028783027555814,8.351816042068208,10.945570702773376,25.66185533649048,3.703634883075651
ISIC_0000487,1.0,0.9065143527566101,0.007405981818609703,3.077459766350674,3.710342659691302,11.622221573717908,18.072278982018737,4.060454893826375
ISIC_0010094,1.0,2.360281472098072,0.0114543690287822,3.0997130684995633,32.47189411889138,9.862071663041263,21.690336211551106,29.327007595676108
ISIC_0014013,1.0,1.7747831242357557,0.0034483243834244675,3.3629110173464998,5.328609590245756,14.365262168234143,22.047170659264165,12.938260482293252
ISIC_0011118,1.0,2.2941788380643833,0.01819288003594643,3.8639759559248135,4.1808336198054725,13.948178225235846,20.566005271260753,3.8874878679584555
ISIC_0000049,1.0,0.8853548735472948,0.006369907172116796,2.111479497578311,132.58969765930993,20.974355855374974,17.960720540996878,14.412403186713263
ISIC_0013936,1.0,1.5848624882346598,0.016064743802218163,2.2875824021690914,3.0383350820314807,16.34823846127389,18.51964767374879,31.7772739627489
ISIC_0011132,1.0,0.8295865106299057,0.003517503446884353,2.799091119847564,8.794761306292537,15.253044239606975,17.63737388817262,11.098938521472775
ISIC_0000172,1.0,3.205833862954072,0.01102127622934587,3.076761544577943,4.201438166920497,12.270599223985815,25.88813153847378,34.8844273000506
ISIC_0013141,1.0,0.8375309920500011,0.009397719486424453,3.3718393129750335,130.1224977490546,12.554633070735365,17.036993713114718,21.311323656825834
ISIC_0009898,1.0,0.9887738723729589,0.04360566421119715,2.9292509254880543,4.331419412720303,14.096234157383016,17.4733786174031,16.70178878326118
ISIC_0000161,1.0,1.140369871106712,0.015785980198725843,3.6016429284497136,121.24252706389602,15.873377628761823,27.919978521731537,51.14240925684859
ISIC_0012930,1.0,2.118719164764212,0.07579559645452247,3.1016683932224245,4.250724707893472,13.767102880481865,24.7770234500145,14.620001785181557
ISIC_0013828,1.0,1.414903714302322,0.016026361819337687,3.0956004972376068,87.638211081522,9.287298065708722,14.022144879179637,5.4432868493587705
ISIC_0012382,1.0,1.6709069145461057,0.008687199436215568,2.7689862603648723,3.3700760368645066,8.033016731758126,19.44706310252487,12.09263922411045
ISIC_0013986,1.0,0.8501859876660492,0.002844395768692496,2.823916769206985,2.992583623915773,7.962511084829414,19.748231731485347,2.387551584331298
ISIC_0000410,1.0,4.48076770612328,0.05068845125665018,4.18425947958209,55.561966025506656,15.508930617016395,28.504231378171017,65.25553834998333
ISIC_0010591,1.0,0.9320695204281548,0.013187422779192617,3.644702647427698,5.337942803664244,9.010678319338531,18.616988110815598,8.215483163289832
ISIC_0013740,1.0,0.9067080657694223,0.01573571392159975,2.601990687661174,5.700836967002468,10.37005448747529,20.057733330765537,1.8979181609063431
ISIC_0012348,1.0,1.0782812730957458,0.016845531985672315,2.6561613444137286,36.28712301732515,5.296652986765474,19.188461079414328,4.854427734021726
ISIC_0000013,1.0,1.4813667687013703,0.005155886549297206,3.404415288837528,42.35067003711087,15.705548461160966,24.076194894263963,34.515567984837844
ISIC_0012208,1.0,1.532686397817523,0.01183530748986679,2.8656774554049416,3.1341596772408487,11.525032235976356,16.026092339451232,10.931096729111971
ISIC_0000030,1.0,0.8920230047257723,0.0021701614152274977,2.5391921328213622,15.301281324307691,12.878922912955304,22.631268797279596,38.680545307343955
ISIC_0013490,1.0,1.8971144278744603,0.020118838705325912,3.431098052993161,4.036397254630344,12.403485859226668,19.849645352711853,8.806303908805248
ISIC_0012435,1.0,1.5782350322285879,0.0068670784307683,3.096344605066973,1.992808293492912,11.76777296500786,19.408454110435805,3.4894811063208238
ISIC_0000466,1.0,3.730371935739341,0.0008605209491663949,3.26064753576917,3.5746596212592263,21.057468807722113,25.360681728288725,12.62714373231887
ISIC_0010011,1.0,0.8942026596845655,0.011314219664568295,2.806394049483237,2.3068796949251666,7.908995157724662,11.193627759382366,3.0418966854927874
ISIC_0000300,1.0,0.9950363982536524,0.033492278307676315,3.549422273466786,3.0052446740183996,11.813552472494937,21.925748391781088,26.235047656511853
ISIC_0000174,1.0,1.1667983473450025,0.028481207175016003,2.605077344063831,171.43197149690494,8.289721860992104,19.17081538196835,25.510533179298818
ISIC_0000314,1.0,2.156779774417006,0.01721087229006251,3.004423951310942,126.11125962443863,14.467468646632236,26.02731582316916,32.319839781461944
ISIC_0000549,1.0,1.0875302358485242,0.011415731326523017,3.1723418724018786,37.47152804658972,12.599502774544721,19.558585833958464,12.205884274809378
ISIC_0012990,1.0,1.7475489195307503,0.022444604710165683,2.8264813884037125,2.393716911284762,17.59127498497166,19.928898513838348,23.885352748247783
ISIC_0000522,1.0,7.1429550014143866,0.030424391381109042,5.145612269143095,1.9289035340151353,10.251561868029015,30.961732178549507,14.310152139442152
ISIC_0010441,1.0,0.8713513251157835,0.013297771750433566,3.718487965962089,3.5007220376247266,10.261902440034286,14.999975567576904,6.155567221022821
ISIC_0011140,1.0,1.7201030657278331,0.003269823649810763,3.412423900718944,5.3084552707096595,11.089006699594412,21.113512816138503,18.20010742612419
ISIC_0000040,1.0,0.8912202202957556,0.040146568942080234,2.1692717246224293,76.06717733774016,10.711318013233154,19.956365899283867,27.47134615023856
ISIC_0000156,1.0,1.0869916982994718,0.05159283221909711,3.0782137881473997,4.4262532883773185,12.679313748575264,20.352481110258704,25.7720149924383
ISIC_0012250,0.0,1.574793054424514,0.005021575493151437,3.0885490500574053,2.2905284587198014,7.754780650882328,18.15612002246406,2.4836166786443385
ISIC_0011168,0.0,1.6325686576249328,0.001018836434741553,3.903282203324788,73.43223517569794,6.548708519625216,21.02548556167563,21.358482629162772
ISIC_0013220,0.0,1.7759814231761204,0.018639459417712348,3.4379796095670825,157.97888686771813,10.212670654176817,18.996014236783374,9.968945477092547
ISIC_0000352,0.0,0.8859898899550473,0.009096411802561676,3.325436309523549,2.890380314949904,9.609551814268672,21.88794864017803,24.364378756923372
ISIC_0016046,0.0,6.199368585815427,0.010805025997518342,3.2424998291642666,2.5035298205435073,16.482102949421783,26.054677809139058,17.93510047500959
ISIC_0013248,0.0,1.6176431210834792,0.0006389982398760646,2.6083279436645173,6.442263296144549,11.709160534885843,18.309453586707146,23.484793476200203
ISIC_0000341,0.0,0.9962531104513394,0.009649935976349845,3.0552392794044194,1.5510248046469568,8.66624382008743,13.135804617239042,17.385718267109638
ISIC_0012126,0.0,1.6830929548455438,0.0003054408307990598,2.9502995999246195,4.077021405175276,14.761589790034455,15.712026717873048,16.568863651378564
ISIC_0011317,0.0,1.3251296587913248,0.013718271941344578,3.836758442185627,33.83959006739104,7.984565640374228,20.804504271508968,14.112632018256406
ISIC_0013803,0.0,1.7984476930339095,0.007364771355958829,3.383589412009616,3.069091830847181,9.109224013001318,16.640729399199337,7.1815762316006655
ISIC_0011219,0.0,1.6062979520049483,0.0006714217903956289,4.029232188761284,25.585029053216704,15.080729887333048,25.638578203074026,28.5148881654981
ISIC_0010078,0.0,0.7898820624755747,0.008177025580756756,3.2390093245905955,8.72005555837067,14.412184921282403,18.943538902691635,30.50678296103706
ISIC_0000181,0.0,0.8498182402568175,0.009140616916930393,2.842229893598884,165.16533702115242,6.474833524188598,19.093143364858772,34.0858764457933
ISIC_0000127,0.0,0.9127361971284929,0.0030414129687981236,2.6891505227562673,99.24236218248288,10.056181435701982,21.90769470733583,6.680228473784965
ISIC_0010458,0.0,1.9585312005981343,0.011226745959133881,3.196491572966716,4.13376162509044,4.863836098273887,23.32246647498589,7.320063521152655
ISIC_0010339,0.0,2.1020021724974995,0.0015561238369878666,3.536092044079241,4.579822451261739,16.855748981104696,32.06468470012898,19.981074032408287
ISIC_0000212,0.0,0.8181878586437517,0.00037920894040843035,2.746959724820499,49.950958157455915,18.174602646474664,20.526523528413126,29.17536922028654
ISIC_0010100,0.0,0.8655243261397179,0.005717503926216955,2.792429901240204,3.9240241600658337,11.249831942346068,8.79782946476293,5.73917765732709
ISIC_0013511,0.0,0.9588434525979134,0.0038227569746844634,1.9962530339491142,65.3784538227666,6.787638612604668,19.87479362016528,3.5369907225632886
ISIC_0009914,0.0,1.8695967567416367,0.008271133522162008,2.895977151603751,6.61349767606645,15.564263253398188,26.2799685473211,16.06316818377956
ISIC_0000061,0.0,2.397879519100524,0.009678965167689582,3.018624327992467,41.26249976673646,11.151552992497988,22.775877399880883,17.658218473994673
ISIC_0000123,0.0,0.9528912224559976,0.015908689088658896,2.0495730615686263,26.301806798809306,8.789318855662575,15.075888506183555,24.666407764514766
ISIC_0003539,0.0,1.0682540121055242,0.04056751629781357,2.6636377027781517,4.10353961724714,14.404978956435864,20.69935317057081,14.574955028343872
ISIC_0010356,0.0,0.8953498986203566,0.007493430318457304,3.343515597223861,5.581500883336648,14.911095454100236,17.476718607050433,15.954120034590105
ISIC_0000067,0.0,2.0390063550092816,0.0017702007899060845,3.947172111407546,120.5560534522421,15.821612204177425,19.804812725447317,23.59826058159667
ISIC_0012965,0.0,1.6404783511318028,0.004870722961459899,2.526606805878482,4.5738392199829185,20.92618041616262,17.819114121668104,20.40497684241908
ISIC_0000237,0.0,0.9667237761462757,0.0010677984946980308,3.1878915067690015,151.1127972904109,15.50462321682055,16.35608731702779,21.237562182452344
ISIC_0010348,0.0,1.0764203214264105,0.01996750700857491,3.4106627374377654,5.451092894584818,9.685904121003365,17.285587527335068,7.039989255170596
ISIC_0010848,0.0,0.8595664638525377,0.011748431594123835,2.812763156244434,3.9479811777157843,8.490775806021395,17.29054112233671,6.1486155911838125
ISIC_0000269,0.0,1.4868306722149567,0.0005895558001725269,3.343180093365023,65.6949389288986,14.707395370023296,18.970981889193585,13.167550119251402
ISIC_0012787,0.0,1.713261299634356,0.01939120533723553,3.904102464977626,4.194185063085277,12.633396775627896,26.093169061478775,10.16493093290596
ISIC_0000326,0.0,1.042214362945969,0.03579815094644767,2.918763891569337,1.5206571969348617,9.489351385102438,17.60681488382751,22.010241966337468
ISIC_0007156,0.0,0.8430857116197089,0.003472820895855377,3.037278974413938,2.2444807374021853,13.481428079203603,19.024746411622008,18.142268211208943
ISIC_0000317,0.0,0.8534202113242707,0.030796920387338445,4.189570383702844,4.593552405187853,9.263676079775369,20.441231887073283,22.811494968357692
ISIC_0000109,0.0,4.292382946371856,0.020041518781241878,3.716616151625339,77.02082666969986,12.261624223313662,33.43700967016086,24.04334314424652
ISIC_0000344,0.0,1.305127403419986,0.015442371400249798,3.7374729777173252,2.3972093916913395,10.668171311718346,22.998625302086694,11.659304035168304
ISIC_0000107,0.0,2.840506156623024,0.02428057039017983,3.3890142650421313,5.191589579632637,17.579372426071767,24.03356761014291,28.720115192767018
ISIC_0010019,0.0,2.7021650116858114,0.018742384617625032,3.2729693665962576,5.871122031202879,16.56635381040909,24.125521441343242,14.999117579225576
ISIC_0010351,0.0,1.6640602181678823,0.0024553994713722343,4.62503814135194,3.5854317511083655,6.326572542117361,23.07174095486714,7.618925831202041
ISIC_0000087,0.0,1.886096568134246,0.0008327126705620628,3.0098294534340315,2.555502409448174,12.573722486872533,25.423314132933566,23.19717529893736
ISIC_0010185,0.0,2.7887154701862715,0.018982940506310386,3.322349940887024,4.078763990054109,14.378584856819261,22.369346250774072,16.191529452602722
ISIC_0015991,0.0,24.760669430320505,0.016625297169962618,2.5822053272826486,3.435887428400767,16.442487855770892,20.05911920508461,31.593239382467573
ISIC_0000039,0.0,1.4698420118551014,0.0010778414493499981,3.399334195641654,149.70567084888208,11.567891361019461,16.68643827034309,20.189809517889053
ISIC_0000110,0.0,0.9572171943439316,0.004424176663448135,3.0098582140050687,4.189544838947324,11.399626267194101,19.771024610219147,6.446780809498236
ISIC_0000069,0.0,1.9025705525479775,0.004420650405791872,3.1720605034429648,47.67240997925464,19.48422374548384,18.192008498456577,10.864221805919826
ISIC_0012182,0.0,1.6187143794269256,0.009289516944946128,2.962656475970134,5.752060162322583,14.48142914111533,19.70992163801531,14.581596406979791
ISIC_0000204,0.0,0.895874838261503,0.0013553423328143996,3.0331980484538503,72.2132151683973,18.805461610455215,19.297212462001138,22.395689100808468
ISIC_0000342,0.0,0.9553761436903611,0.002738554844570314,3.43317721060859,3.2544275317356166,10.610298646480155,20.638526584473738,28.91109421249734
ISIC_0006651,0.0,2.7144690867728043,0.01886596744155649,3.6601757137148367,0.8490608421809711,11.35280624205102,25.891325907093353,5.744275401447183
ISIC_0010064,0.0,2.337261367687634,0.012449732111673053,3.4091905127961146,32.864311472346884,10.937460426977923,28.761694027871197,17.442802322688223
ISIC_0010264,0.0,0.8854470557437756,0.009329344633548222,2.824032438274075,125.34419785249622,6.670822435939065,15.843772794163968,19.78765464519141
ISIC_0010334,0.0,3.004853537618509,0.0008960564167506518,3.322855085008012,9.000603844373947,16.22984432813232,27.52773499690346,19.28791638220271
ISIC_0012118,0.0,1.690409348945276,0.0013207723986766288,3.0292064445801206,3.175387663797742,10.998583404060566,17.722753983679283,19.17756635094279
ISIC_0010249,0.0,0.9548610113509729,0.0006449414469938565,2.2105826508985946,3.098676817088912,15.709816642148859,15.129075150621858,3.450460875777736
ISIC_0000544,0.0,1.9377789003577275,0.01789212672576176,3.080452574211102,5.846920950677267,12.698433806048458,17.526861102880492,21.972813415604957
ISIC_0009941,0.0,1.7320827599989992,0.0007176113169700618,3.393055923389168,5.098740878153271,14.067074882315394,25.626609916743107,11.221479989512929
ISIC_0012659,0.0,1.5206051325978207,0.001555171724559979,2.7917746081022785,1.0332609243546966,8.268740594821175,12.646317748388393,5.653564550709888
ISIC_0009935,0.0,0.8734848752611593,0.0091564997518306,3.1727809457989102,3.997726707461165,12.441472879140282,18.30480992243498,19.283872535125752
ISIC_0006776,0.0,0.8850936836617334,0.011826128694759085,2.3544938186308224,1.110344405453864,6.133903121143709,18.601145451055938,4.425478544508309
ISIC_0009994,0.0,1.798090721424883,0.034980895985873686,3.2455830448814815,5.334727234804378,13.040202075818398,17.494273538989958,11.249015979906773
ISIC_0011144,0.0,1.0111965317087908,0.013490696402448694,3.8365980998560296,4.784856430631356,14.822813982627373,26.038352649468823,16.84390180626515
ISIC_0000461,0.0,3.5635131289171156,0.0022464857364674013,3.206757543761105,1.9998054524640756,19.778355098716574,23.313459865020793,5.795182508337177
ISIC_0000490,0.0,0.9928415620296062,0.02371950691153869,2.6651499600534256,56.39355066074033,16.177635922097064,14.532372961647194,16.56454356171249
ISIC_0012671,0.0,4.88186893082205,0.0037016905203514795,2.878488654428495,3.3013405970693697,8.505702360673345,27.824756536431806,14.318019095114629
ISIC_0013799,0.0,2.625973349030086,0.016664427250457844,3.5851613950214496,2.594844454785038,10.441381671123013,23.337059457425227,17.90067809598716
ISIC_0000134,0.0,1.0119114958062017,0.01686192681747407,2.8003664914363635,6.367034575549613,17.42989692444499,16.765069863253334,24.569270468845648
ISIC_0011171,0.0,1.3585996791471577,0.015835999019274818,4.039158731441357,5.640341927530365,11.828437411790079,24.897098522927728,33.81146005716866
ISIC_0012460,0.0,1.5739041121672925,0.005755626100963667,3.039931919759019,23.911517251771222,17.659408138307384,15.582538821314541,17.58323118844031
ISIC_0000050,0.0,1.0719726713308695,0.003979201210989583,3.181323830036775,145.22956020604596,11.045725124623605,18.75200925280204,5.47045847400409
ISIC_0000332,0.0,2.7173408359418643,0.0013221260894967588,3.629838493621055,24.398060521756605,10.631821812054415,29.022781628594462,33.18579819429068
ISIC_0000051,0.0,3.3148480805210676,0.010906839886114636,4.3132522008194405,131.72174121941984,13.737021171907049,26.09508957789134,24.4622380113219
ISIC_0013208,0.0,1.806640141280533,0.020279421306976096,2.965141762731266,2.1634316521572443,5.830534655696168,13.82344669901829,1.0651454822132536
ISIC_0009947,0.0,0.9110379357153846,0.009038229741213589,2.7618217264632405,3.4741129781047646,13.829829034826465,15.937930760466777,10.874462911708697
ISIC_0011393,0.0,3.287845542647953,0.011970313622216903,4.0546523473693235,2.8213670790637053,5.57085405545946,31.051778923238672,13.116050084374422
ISIC_0012676,0.0,1.595313501195995,0.010131361341998659,2.8870686825201655,4.458840300678487,13.128943808394991,19.786060928775367,25.351459291409398
ISIC_0012487,0.0,7.8122429805618765,0.009167553998293622,3.416754666778831,111.47714949236762,6.5763122946414425,32.249664711353226,71.49288550827862
ISIC_0009968,0.0,0.882081282907398,0.012520058148876733,2.929261933719701,138.8170428095524,11.186132397401343,20.016337532741105,4.7426277279786575
ISIC_0000196,0.0,2.758760078378446,8.808927985653182e-05,3.5367159964101385,4.447259551567724,21.18900159661567,33.61309426727623,42.21563725402591
ISIC_0013837,0.0,1.5188387495513296,0.01065572253003074,2.7539800729124115,3.647887948341141,13.243042498019555,15.021228608051667,24.50171480615679
ISIC_0010847,0.0,0.9237617373842066,0.012494998223055158,2.5333186014555267,22.833483451900534,8.467795577728085,25.66174374260326,20.668590985019335
ISIC_0012156,0.0,1.8634561074048617,0.017401271516172052,3.2703435221655357,4.77722440350665,7.281392268702679,17.191114627483046,13.096923322174405
ISIC_0000365,0.0,0.8442616986180743,0.005524687957439441,3.555785018994586,3.2027268875639043,13.298834680657553,20.17438131861511,22.187449437322925
ISIC_0000132,0.0,0.9058425463474464,0.01600209597188212,2.8525243439123633,1.9317553026618914,11.398736880214107,18.441075249992128,10.654607461150931
ISIC_0010032,0.0,2.594528936787805,0.024381652744205146,4.108948683739515,6.030650441514044,15.743061656638654,25.34493577390377,11.761721751878937
ISIC_0009969,0.0,2.7882767501232197,0.00614640034563519,3.738444191604287,6.604067851799493,15.612020622303525,25.23183822971741,23.122361522742196
ISIC_0000261,0.0,1.1064966472049695,0.002836451418225709,3.2939866782047087,3.403472381749461,14.600406078727703,14.62737227252783,10.972426785737447
ISIC_0012674,0.0,1.9085251953057767,0.03746728362319524,2.947048860815155,34.868075009876286,11.013871921182151,28.42233438911319,2.830782847007214
ISIC_0013966,0.0,0.9092273281914477,0.006023878125976136,2.1692079084986067,4.6765617339315675,5.640461847185601,20.647798969484946,4.141087882701605
ISIC_0007557,0.0,0.855618079649454,0.021266821080990587,2.9514117053628945,1.4574277931733386,12.98126790516131,17.314239168526395,6.597397080789094
ISIC_0010327,0.0,0.859863750961058,0.023566651513312425,3.105116015031034,5.6282972348022335,7.901286399759572,14.542291535690806,7.746814013714953
ISIC_0010237,0.0,1.038070136078051,0.00965568547932329,2.4157242120015976,5.977177580673338,15.903080669000941,14.479331959029038,10.08371348539417
ISIC_0015941,0.0,3.177261523655932,0.0019471595125139525,2.8163026253467622,5.6527631393550415,16.230960575506614,23.37673409929303,24.873817551005715
ISIC_0000118,0.0,0.9076709293726338,0.04260942519259,2.819673717468846,2.5643818876881337,14.866422871921213,17.281218843018372,14.278925168479354
ISIC_0000093,0.0,1.0871409808998675,0.0003198763589096446,3.474616206080259,2.7278656276057838,13.694347444657508,18.45962457886944,9.932792350746055
ISIC_0000455,0.0,1.8807111470561941,0.015328812341740074,3.680633664289727,4.225957125162986,14.87398209757068,21.34528673539006,10.751066039919337
ISIC_0005620,0.0,0.9023531185464762,0.025083600623574426,2.8663707311047504,2.8200092197984525,16.262039829303603,18.50031014797357,7.3668981551756545
ISIC_0015971,0.0,3.9955926299077293,0.015862172985207354,3.7909672963293284,3.6366955801464025,17.391863041014496,21.50629422351751,32.765924077173445
ISIC_0011321,0.0,7.043136673153357,0.0015926229428381417,2.4571082466205536,23.9844039092055,18.297345705902664,22.320683990681843,16.06850922027887
ISIC_0009982,0.0,0.9931106887142469,0.015823414107553762,3.972911388740645,4.532438054225622,13.881194703057329,15.9807820556952,11.410871861625196
ISIC_0012844,0.0,1.9464813251293143,0.018606714624349284,3.4700502912397404,5.266139754772338,7.580094782641821,24.935105401276168,14.302175043561888
ISIC_0000498,0.0,1.0012592379298635,0.005187053189274229,2.5263548980817516,176.1109646251668,11.53755026129286,16.80760743131216,18.82468783915496
ISIC_0000009,0.0,1.786743528416072,0.018734975630196504,2.8887040373832717,33.16678358883754,16.601333696801422,19.766469132241653,14.481622676073904
ISIC_0007796,0.0,0.8811833302724228,0.004504896919447474,2.470222806641181,4.176948322261423,18.720965181594412,16.163084846008854,7.613253071381251
ISIC_0000250,0.0,0.940826487075304,0.017369968964788846,2.8077405908390958,1.7584957798066212,12.542907816600643,17.546435689698797,18.06849329644467
ISIC_0015948,0.0,0.8756956734137317,0.0038544037064559573,2.7185363371602644,45.82795304211557,17.62115646938779,17.834337898130798,3.665417036424614
ISIC_0015964,0.0,0.8344901528812112,0.004701470225189429,3.1339298943513554,4.666811505152191,11.688293853159275,17.4638487405046,27.07753234710429
ISIC_0012303,0.0,1.5495328569121616,0.000345301274509869,2.977101105771812,3.8248301708124655,15.432668052362379,14.557410899175501,16.119252129615422
ISIC_0012141,0.0,1.7219429893516087,0.01215494275379351,3.221134357950943,2.2283870928373752,9.378949866687956,14.841877966316316,9.752112129780599
ISIC_0012658,0.0,1.597469497647197,0.02193182955281269,3.6352914869309148,68.78624812318452,11.791564037153696,27.491732652201375,4.278741960105975
ISIC_0000227,0.0,1.8867341385937726,0.005966343181616346,3.3685061610229488,170.58907387334105,17.96914561151789,23.416540241331763,26.46122293510335
ISIC_0000900,0.0,0.872627424079518,0.002679217542786282,2.649464952995712,1.4593108994919854,7.313530092051173,22.78351122293303,1.590433999197927
ISIC_0015968,0.0,0.9236584178329195,0.0020482642586014906,2.35095519849632,1.8487639149703674,11.536912093314148,18.099929881014997,9.577124046326702
ISIC_0000483,0.0,2.2510052435287706,0.011686694833754402,3.1887019933207394,3.832499531903835,17.35206160831038,20.524995922970643,20.77999879978391
ISIC_0011088,0.0,0.9288492154442554,0.0012917068370072499,2.7880739313289498,3.181458069460103,9.24938546340571,20.443745876470494,8.874674762285153
ISIC_0000396,0.0,0.9046821457699599,0.001338937299069904,3.193511119875051,58.09507313011094,22.104225081995807,16.83427329506944,6.502583352154858
ISIC_0000197,0.0,3.7004289396746803,0.005811919099948184,3.2233591679993414,63.62309673431482,19.72401067292836,31.50530249746675,35.01394762767251
ISIC_0009963,0.0,2.13988701579923,0.07591792682660871,3.69025609993757,3.9261337497748117,11.61189589495187,25.47422534877488,8.542547217336548
ISIC_0010566,0.0,0.8876724233423802,0.010583363779459903,2.8734719192896154,4.257996885045263,16.600517461249147,12.099528997870543,14.651300727447278
ISIC_0010463,0.0,1.0651193555970304,0.024016158045886325,2.5400384849488495,6.290407373051736,10.41745925207781,15.237090621989783,17.107131333812106
ISIC_0011205,0.0,1.2968424533088507,0.00879001922613436,3.0828662207374964,8.531633710597964,9.91300838094164,27.267312720790787,40.175114979202846
ISIC_0006350,0.0,0.9189220917814885,0.00562665688022622,2.4826584920277175,1.2454882837678083,13.420287287285678,20.026937328060846,4.62410668384851
ISIC_0000327,0.0,0.851875478559276,0.0042966352324089055,3.2569057333310685,3.4657633512771886,7.462990366404578,20.875919143290293,30.01536578222089
ISIC_0000338,0.0,2.4416601530896025,0.007315057765443815,4.107029615410862,3.0232749075653254,12.20861819815326,29.898981375596993,42.63517481066501
ISIC_0000137,0.0,1.550731529163466,0.007593002668648797,2.812662234480108,2.140271783137342,16.611942454773494,21.94172346056858,9.319082595657278
ISIC_0000214,0.0,1.2836283164041615,0.021161964966655743,1.605617843600821,135.8059064670733,22.11832277446785,23.832914080575907,35.96600247161051
ISIC_0013946,0.0,1.0621435716642427,0.047545836519517874,2.9420041508767545,42.033662464867284,6.943128987390479,18.053944298293157,1.5450145706901708
ISIC_0000235,0.0,0.8839629521125406,0.004540561620625052,2.833310028824672,40.89750669600152,8.744557892766473,17.18325921197525,23.174088139876964
ISIC_0015947,0.0,0.9225961404665871,0.012304050550696841,2.883487467332153,2.561489039006857,9.202345907506311,20.19851580727629,2.0270676276148265
ISIC_0011343,0.0,0.8716009663656598,0.00046004426861932335,3.105511978301,3.9884435009942494,14.521617401675389,15.645389373446376,10.432699481668493
ISIC_0011372,0.0,2.441754585721536,0.0008633821587251908,2.744459534696271,7.755161159239091,8.318599317885534,22.22769287743943,41.04223838492281
ISIC_0010490,0.0,0.9002036908866489,0.0100617308165039,3.2301594379989833,4.257491343667472,11.24202454357399,14.656634901919608,1.8542303780526197
ISIC_0000336,0.0,0.8490154955906337,0.011086336202630071,3.542356591717202,2.302951309419303,7.269491186377472,20.3649294531728,30.55384901146393
ISIC_0011352,0.0,2.9335912318733897,0.051538708308364906,3.3502896198428034,6.379952310803189,13.272808828913286,27.01859103562982,14.640745764576387
ISIC_0010337,0.0,0.8752728242800764,0.04125159289694914,2.828674821197288,4.290776748835277,12.18926839561413,10.05071593311167,9.7607327066101
ISIC_0011397,0.0,1.044492277756952,0.024775412693580887,2.7352982316412606,4.052149980250558,12.01805947281663,20.83507229957289,9.823719493692984
ISIC_0010318,0.0,1.713268872290944,0.030281933741272596,3.177420498769697,5.4952439836733475,14.45788662572552,25.527285188449316,11.83930972378522
ISIC_0000999,0.0,8.001445615040197,0.013856717727693897,3.0767238067481313,3.085223274034251,13.002936986557431,21.061988467128096,16.15796720434861
ISIC_0000323,0.0,0.9003903978558424,0.017650253920843528,3.4536364015871244,3.884840630587352,6.879418606909599,18.67360560208779,3.8101198594621195
ISIC_0015975,0.0,0.8694286367897595,0.007844705961575249,2.7657963260537595,5.079448465212082,20.073615493594694,19.302645211886052,20.463006693334165
ISIC_0009911,0.0,0.8548057648041323,0.009059136691825507,3.1063781171955513,8.394455705336036,16.855636152091375,15.766204808434711,23.862728029200667
ISIC_0012706,0.0,0.9231677260304396,0.007608868698190037,2.473051543179599,47.49161931045008,13.038412937468715,20.44746669780146,3.598409574953834
ISIC_0010219,0.0,0.8806141528978352,0.01439599514997985,2.9483178862586237,3.7987415908619506,11.524832007810073,17.86080278578905,5.415123847256268
ISIC_0000242,0.0,3.102328053953736,0.053804528844448064,2.863904375698634,132.21710098957885,17.869360292587242,21.972810556925097,12.121731956527512
ISIC_0013096,0.0,6.8844908906045195,0.008420032948412206,2.9974957928351516,4.718004578459162,13.606139066846708,24.798961490105064,23.05224058186684
ISIC_0012725,0.0,1.530104680281922,0.005122165835513773,2.9547125852780445,2.1858904100509005,11.829676891421006,15.918665284653061,3.1678717998827466
ISIC_0013181,0.0,0.9271357390701307,0.0043119552465930855,3.779946931382704,3.457512460776959,9.9089483798452,18.20028498244538,10.307088826779747
ISIC_0013024,0.0,0.8105430382107253,0.027796649440930674,2.614504152571179,118.08397838192647,6.509874126031694,17.285538707016133,9.90725399447254
ISIC_0010857,0.0,0.461127095941318,0.00021632665324640207,2.485280658879438,3.96192447843155,10.235074916388458,17.861590009731646,9.289262260790522
ISIC_0012274,0.0,2.409366290911762,0.010043070768097056,2.7083735294439775,2.3610936073785926,11.318962507566255,17.335737663690654,11.576583518192642
ISIC_0012653,0.0,1.621438851776322,0.008354721420168966,3.215078976975211,2.380065323233667,13.330183954980873,19.77210736106616,13.508791337243352
ISIC_0000021,0.0,3.928249723331008,0.023437815151294183,3.078058614817979,58.35279284997328,13.147882315584553,27.384191823231202,11.072484138982944
ISIC_0000024,0.0,0.7922536095837931,0.008278017009750935,2.8017655913687776,170.44655019181386,7.158326110669782,20.404776306523857,2.8783568085002713
ISIC_0009965,0.0,0.9853316168964612,0.006626337060315922,2.263665498950794,5.624663003166451,8.135792740859385,18.208793710820505,9.287068298682726
ISIC_0012710,0.0,1.6193023042625483,0.012198183770890053,2.5604923452054913,3.1854736638472407,11.794658075257988,14.705535256605542,6.4906710719542176
ISIC_0000353,0.0,0.9732302751012858,0.02001112201399155,3.3160578068847943,2.708910747830737,6.523639216458817,21.528883308847043,24.779685419741753
ISIC_0013967,0.0,1.7156396815105588,0.022230367288821797,3.0397775193395047,69.01629845212456,15.061071687251882,20.00940780395902,4.585719611023173
ISIC_0012360,0.0,1.9975970601649584,0.021943392682799663,3.320323668214283,2.4798594996424153,16.309079828121572,15.092041559063786,14.322970622927869
ISIC_0012107,0.0,2.6842575056115145,0.007769039595006762,4.0523717423639765,4.865045536678455,12.894116761979154,23.34572254681667,15.220920083179799
ISIC_0013012,0.0,1.895551857927707,0.009884907600511373,3.3647758831749695,3.069282308449522,13.102455488601395,22.886106704111253,4.792223583550339
ISIC_0012768,0.0,0.9792811856894338,0.017282312018714087,2.91537365916258,167.4845886955598,7.557222087284942,21.40277067189464,2.2876327722700864
ISIC_0012167,0.0,0.9115732905305212,0.005702703719893958,3.521312792996338,23.92814273155905,8.677661642085415,16.247633281167047,7.346130384880176
ISIC_0011292,0.0,2.515005944788326,0.017626576831485257,4.603496811695937,6.247572950950404,14.668856588592703,33.45625039478902,28.220375373475136
ISIC_0010058,0.0,0.8850157933489032,0.0045386000976534845,3.699926310444379,12.30101357984593,14.483056946311047,17.06838051566159,12.420226374386424
ISIC_0000509,0.0,2.5383390675192525,0.0051090074444921476,3.475331869894057,1.73698508810688,10.458351349228849,29.847492020915155,9.270774020603199
ISIC_0000268,0.0,0.9203874493985946,0.008384585157228107,2.6889133360908977,2.6990996265367464,10.384817298792607,19.807539062163276,10.415280367831073
ISIC_0000474,0.0,4.862134148902716,0.0017005764760060589,3.059998139545044,3.620161111384766,22.70269477518874,24.10642489222633,17.845487547427965
ISIC_0006326,0.0,0.9621370472221732,0.004197877384399945,2.587439747444237,1.545311977814047,11.372027251185273,13.468183884742546,11.415895414824831
ISIC_0012211,0.0,1.7651486091818098,0.01756762429296684,3.4013310827168715,3.7926822114002294,12.993573400548003,20.952818404122304,11.719511146876314
ISIC_0000409,0.0,1.5375951366857472,0.017641308264013875,2.783576916466574,4.142627924041983,19.819772581693673,24.293574549829916,13.932862741841788
ISIC_0009896,0.0,1.0914782533170007,0.054752138842264785,2.353696310169808,5.480113826040704,17.257413385820833,18.94618685097331,14.157708871049437
ISIC_0009972,0.0,0.9188187666836422,0.0005250204626172719,2.4712491236717584,69.29460936827313,15.922797980856396,15.86277811850448,13.35646281308047
ISIC_0011079,0.0,2.1845358709078058,0.021855476900542247,3.1461908919463535,4.474123209668066,17.075781599359882,35.369625895570216,11.141586837509792
ISIC_0011367,0.0,0.8418809572818751,0.003623275344931014,3.440300409674777,1.5049902079033974,9.251574537555992,15.559306596438123,3.8107739430556506
ISIC_0011214,0.0,2.5882734119237214,0.019873483416731133,3.320674009897461,7.529471074382654,15.781110801218457,21.31102876961348,24.523486726610287
ISIC_0000086,0.0,1.8901743370832893,0.0009391303634629861,2.932159968494643,3.5448511270544447,13.24083162088982,24.619874202623368,16.576115266985596
ISIC_0000017,0.0,2.4378493178175638,0.026911250184261264,4.4461510798407335,4.552537764572804,16.33478921962673,19.25602088332906,18.936064423888183
ISIC_0013084,0.0,1.731032475030638,0.01029539497791412,2.9223128809354235,3.681685797055672,10.885705343291223,15.785243356213863,12.199522708039808
ISIC_0012187,0.0,1.7614161097319592,0.008830741911530134,3.4348544866887543,4.338344152751073,8.760646734436447,14.053951534535527,16.15011971823138
ISIC_0010861,0.0,2.0433116547370536,0.015480491174129146,4.55558548264239,4.2774957225893075,8.437199398507431,22.386891631818838,14.062236012086672
ISIC_0011159,0.0,0.9603050537784364,0.005608566341421444,2.2629811385721084,32.04916061115596,12.856385101843523,19.051054509359506,13.673537364162428
ISIC_0010104,0.0,2.1803620884425645,0.021485947372377717,4.369436365314133,3.041435966298432,9.068681527162752,30.863584196952846,19.9523746794209
ISIC_0012135,0.0,2.7850675337983426,0.0009153820249851181,3.829124268881766,3.1953187918232047,13.966828350539881,20.774385511216625,15.861852659226443
ISIC_0000124,0.0,6.087044406514875,0.0027270849554181516,3.713436784589288,2.661196153337479,14.347704587546543,26.25693921761746,22.42669587344443
ISIC_0000380,0.0,1.114891395874503,0.009353677281287649,3.004876467820839,47.781241904940586,20.961137249186162,19.351148089112463,18.29804015712962
ISIC_0005555,0.0,1.016859272554825,0.008009863317928703,2.618222582027174,1.8008542294622858,11.47543033562311,20.65395602075218,5.374054258932944
ISIC_0012149,0.0,0.9480525931091296,0.01011175197329157,3.081574322610501,107.46671631450634,13.506602025723348,17.645402354692813,12.40788110694551
ISIC_0013172,0.0,1.8143084248368901,0.000909905931783817,2.902926964638097,5.217366737410069,12.445551641785967,18.497588172402725,20.172140369986607
ISIC_0011110,0.0,0.9300665834967482,0.0007385379639693891,2.8354148493368534,4.312223681619176,19.805024305614886,15.362888121109842,24.866782916842368
ISIC_0011358,0.0,3.6068387480942827,0.023223594727288355,4.123325127637287,2.838842037124623,12.038692908212093,33.996794391124695,8.807529240095647
ISIC_0003728,0.0,3.568961578029197,0.011032039929157945,3.726682729536763,1.5577906804308046,9.593860328769484,10.21425466097704,13.91722996473267
ISIC_0010498,0.0,0.857384457259339,0.007228387885704797,3.5694170864448926,56.8205484882308,17.153144935682878,20.427001770893032,21.55996044975096
ISIC_0013187,0.0,1.822935339866782,0.0025787870087368584,2.937750831638542,1.8883990553087011,10.058004955794049,20.593331195279344,5.055113668692627
ISIC_0000006,0.0,2.547055729794606,0.018706797034729272,4.271178131000508,104.31124843255994,17.432534521026703,17.711078362871895,10.44260195263842
ISIC_0012374,0.0,2.126781719863792,0.013089067572609003,3.043805999704688,3.149774761525936,12.684199407223048,22.944616214251557,5.09913852311859
ISIC_0009758,0.0,0.8801348910673953,0.0024741368517181123,2.6618521306725293,1.4226231923501538,6.420256477927257,19.795737915468322,2.3648861037401048
ISIC_0009946,0.0,0.8979008747654685,0.011860701021969424,3.3261598339794975,10.71569129563281,11.356717739356185,19.385505411472156,8.027808582838574
ISIC_0012685,0.0,1.6076443496774488,0.013736824192887319,3.198001031025694,6.109986528998521,18.0505267883762,17.16471832868651,12.817830033622094
ISIC_0000089,0.0,2.663489438180191,0.010544030684807046,4.53201313000596,5.823517057574442,13.869431089690023,25.89840785053665,45.442068736494285
ISIC_0000486,0.0,1.8359018282532091,0.016077470879198044,3.573594799391977,121.82756460028455,22.27604947198741,20.145738116752927,13.134581941785157
ISIC_0011143,0.0,1.1133033711132079,0.028746614940950828,4.2114587133944745,2.352112345272008,9.527014042189833,18.155092422500175,15.3494592281357
ISIC_0011220,0.0,3.426071048721177,0.021015752494848005,3.224090041399983,6.224714962847943,10.25448944143684,27.342737269499157,20.6776120857308
ISIC_0012278,0.0,2.1885622737566144,0.008569169715097991,4.418801937879929,128.37214410853645,4.5577606626800025,24.579667998780053,21.55352069444747
ISIC_0000541,0.0,1.5907311754423221,0.0009512917258997189,3.872480016315084,2.5604212276635447,15.878717907194368,22.981829381015327,15.493413720646018
ISIC_0010592,0.0,1.9918645581797143,0.02156709903150991,4.391039756138587,4.880144071032743,11.695858916540713,23.272796964032022,25.300260496355406
ISIC_0000003,0.0,1.4216375879993555,0.032430289446441905,3.3837601535678705,5.365472190292378,15.010482861327743,22.658369749473604,28.538545011028575
ISIC_0010090,0.0,1.3002049169844443,0.03699993823651631,3.5167487630108094,2.130940150513899,8.961298134960323,25.555997434206937,7.433238134781348
ISIC_0009899,0.0,0.8711261794554752,0.0033525577015806,2.030082088350265,50.876575771364955,8.724511188617983,20.874163481183796,2.52992700586303
ISIC_0000100,0.0,0.8410132681501823,0.011940409514310957,2.6278763422861857,134.7570563127774,12.578147888654506,20.77333555620381,25.622022806100226
ISIC_0012735,0.0,1.5970280544710596,0.025897263481816167,2.602983519070897,4.749368145615696,16.751055099327775,18.618744239481536,15.524390274883416
ISIC_0012672,0.0,1.7750231370556,0.01957020842991706,3.082761523716422,176.20687335298177,11.149828280159111,27.1632522223979,5.6110040539127795
ISIC_0000479,0.0,9.519897129547847,0.019265541938391535,3.073662609694045,2.067811744680952,11.245444715318095,27.89313134076883,12.025877775191276
ISIC_0009872,0.0,33.8272240447592,0.03147386821236412,3.085895143735506,5.5149839314577385,6.678797904349353,28.339523620877976,59.18844805346794
ISIC_0000221,0.0,0.8704920769639786,0.0008828549567401071,3.5828192595087702,156.89661703351996,17.121296135363302,17.520990560109038,31.42733525784518
ISIC_0012206,0.0,1.8506568245037345,0.008634569123387337,3.3203255974421335,3.780483688006521,11.984469538245948,20.088389655319382,12.84712236644986
ISIC_0013205,0.0,0.8631567384716299,0.005077050223321307,3.1502724698791056,2.6974559891071506,15.71480518267648,18.111088272365745,13.501200787311532
ISIC_0010244,0.0,0.9638059711162684,0.0053443171066094785,4.040169416893941,42.5676875789187,11.222002638914164,20.571955148278107,21.79920412105364
ISIC_0000478,0.0,3.8434435666671845,0.0029917532180365803,3.9207405934692963,141.3754200001809,13.613183346395367,25.29320435359516,2.97772393855179
ISIC_0015988,0.0,0.894294115880845,0.006123379306606095,2.2531885434275396,4.574999573092087,15.313327393003084,20.075969541160198,21.338324223564996
ISIC_0012726,0.0,1.5474114122228149,0.0169873769876974,2.6168109574740273,2.0766027714810544,12.226061482168733,9.848708150195833,6.315181929940856
ISIC_0010070,0.0,0.9276077208485095,0.01560847209699706,2.7610329091057024,11.093237618084254,16.342093597701123,18.678005383276986,34.23536076417989
ISIC_0013486,0.0,1.8062827417655671,0.006410846767478249,2.6255689043110024,2.50755811912024,15.885864726335319,24.22031387770278,8.09585881858105
ISIC_0000367,0.0,0.8543411298202431,0.005009682053844712,2.7969100363177097,25.34229723408147,12.618337966904331,22.21453585101131,41.083368103895815
ISIC_0000101,0.0,1.6087157711803637,0.010077471079828185,3.6177448061668978,101.99358214503361,10.139086821563387,18.73434788770662,9.11436920087855
ISIC_0000192,0.0,0.9731041905747269,0.0006958197187016712,2.4190486675814165,151.2429696148985,9.282421657570087,22.4076219150523,37.84640650933498
ISIC_0000539,0.0,2.657769990189052,0.0006089429359574715,3.6050599282012548,2.5466597344493116,16.70460218871445,32.985506084214684,22.77616371721622
ISIC_0013118,0.0,1.8643657438471508,0.0463596248160056,3.3937285709362204,5.103686925392258,13.278598867996553,15.701530257155266,26.279202372696673
ISIC_0010257,0.0,0.9872112283039812,0.010466249659657478,3.3251994423172038,85.5944315724366,7.464520900545486,16.424893900728975,7.638147081668819
ISIC_0013843,0.0,1.6031570828746042,0.008584737041650869,2.6105627763043397,3.8214235079098775,11.795190046516138,21.153370477037456,13.84153459217157
ISIC_0000185,0.0,1.2517558964354745,0.006821786899444331,3.1152257480098444,24.446241395549347,7.065968576786905,21.415371713303827,9.22126145406024
ISIC_0000008,0.0,1.3956675347153722,0.005907341669322921,3.0677370108206015,65.63627137910542,16.956683700724867,22.349786869969925,22.773374718549974
ISIC_0009874,0.0,1.039702950943204,0.0025439083383796066,2.0816220567913413,7.444739523892984,22.620021547798185,17.204833772718732,22.600664623310408
ISIC_0012335,0.0,1.7323393681432973,0.002975704536487978,2.8004691254519947,48.46669942435764,5.173563394633904,25.624712907812423,10.682797213780262
ISIC_0012442,0.0,1.6460774407976226,0.003237762951122736,3.1653668813764675,5.085765554900037,15.13286250498087,18.36723497674375,13.416618908355694
ISIC_0012722,0.0,6.715374023065305,0.031087037535268144,3.0095230525361183,4.459143243900654,6.038354571285608,19.599061221275672,22.593397358943577
ISIC_0010193,0.0,0.8406662813568596,0.011601505300062648,2.906588830310965,47.9841350556105,3.8741732341812147,21.24952152141508,7.7068907123093595
ISIC_0012721,0.0,1.711949985101525,0.00027425418099113796,3.2804715605194947,52.50430973677584,14.23302075793633,24.833928970197466,4.619462009368533
ISIC_0000321,0.0,0.8613812158960185,0.00028477413460630224,2.507117385933449,1.534057687458791,6.245292059877619,16.45839420356983,22.664371901891144
ISIC_0010598,0.0,1.4225641203395665,0.004510544922589297,3.576979232387726,4.177650223306627,11.946908852668852,25.748825032447556,15.278659304541236
ISIC_0000015,0.0,3.4847783442684346,0.01855379233339334,3.3193908924699214,108.70706010116466,22.854381297508386,23.16598005663645,18.342162396874727
