image_id,keratosis,compactness,assymetry,border_irr,hue_sd,satur_sd,value_sd,iqr_val
ISIC_0012962,1.0,0.8817919252022367,0.00863543717514238,3.0796893828989647,3.508486916492619,8.050167966069719,18.961197006254405,2.994039961911696
ISIC_0013725,1.0,0.915431741564189,0.001242863599913915,2.9158806013463963,81.63366987510398,8.299848286000339,21.77704731162804,7.594222890633446
ISIC_0012432,1.0,0.8930559428505707,0.010256454645506369,2.3261732279287095,137.3146746569063,18.10989271998985,16.6607832899185,25.79290145541327
ISIC_0012833,1.0,0.930689380269603,0.0042851207468482,4.268788508530791,2.039327909575618,10.912779872143515,12.992082423262527,4.651535406007831
ISIC_0014627,1.0,11.847379609650325,0.006089380392271614,4.630897059371648,94.48643168481317,8.35489893513034,28.298020478640982,11.108342879488347
ISIC_0012329,1.0,0.9257978146319019,0.0007587393472058779,2.7661223961513692,106.26530855484442,7.724726783366724,20.473421360739415,1.553020160623383
ISIC_0014654,1.0,6.068292479108898,0.007529122468748473,3.268177066762396,45.52516888091713,10.593293721442592,27.680633689857608,11.231884650888333
ISIC_0014577,1.0,2.010285229821392,0.0065967067630994065,2.7896908671162604,1.6609047116377778,3.9118364672344046,29.65960839840502,2.875709382212264
ISIC_0014628,1.0,2.698001322014442,0.0054921992591331825,2.458133654439946,56.013656938478526,4.956572324488717,28.352910377009444,6.997241005598454
ISIC_0014590,1.0,0.9814261161810858,0.008212416603795535,3.4868431932809916,5.324405066327286,11.721239110499562,17.875994567366583,23.37334911040338
ISIC_0013977,1.0,0.8967810793961438,0.016916691310722022,3.07245486646098,139.12888873020583,5.466847345302504,19.54810096821872,2.3439832307219035
ISIC_0012380,1.0,0.8241016264317358,0.009964533018071271,2.401257690534534,2.579638816856145,6.3574579410973255,22.194113927910497,5.131943840462611
ISIC_0012785,1.0,0.9188656869564145,0.01615536288793279,2.644293264451512,48.060397385728876,9.920109260354627,17.45561883604118,2.9464664404094236
ISIC_0012390,1.0,1.2238589045707786,0.0667414953059197,2.031186767290632,92.45496362043349,5.409713633306261,19.650595696802075,0.8318951811337598
ISIC_0014622,1.0,1.5799224148815834,0.007133275354266264,2.1959311726915924,78.27242647732741,5.779938761858144,18.162885927971953,15.221692821643288
ISIC_0013691,1.0,1.764430067904394,0.01600128744787425,3.357669388990905,161.22330054802805,6.8088261795373395,20.647344485307947,1.891693545061699
ISIC_0012773,1.0,1.1466850809287592,0.008971626012525491,2.363261089203133,124.62396239801872,7.576917732213111,16.976625868917772,10.838240428281608
ISIC_0013088,1.0,0.9441326899638379,0.0355720464947781,2.08772601524974,3.2960004899864086,2.965896303619324,17.28549595694664,17.861231031782275
ISIC_0012792,1.0,1.8272854525398856,0.028542277115828123,3.491391633446194,24.92472306027537,21.018426347449562,21.789263127726954,36.388717455964006
ISIC_0014575,1.0,9.99036654643512,0.0010805178729685458,3.909909468207807,6.1976072604631565,6.2190511845016765,31.46691174798861,20.46462322630797
ISIC_0013034,1.0,1.0504088612453293,0.008015110163531248,3.0494178526873204,1.5613542159075846,6.56782556514761,17.797151812114404,3.570791201078869
ISIC_0012172,1.0,1.0129973629487807,0.010938548096500415,2.4716601110465657,168.37735689317566,6.442802577594113,18.957072099413164,3.887446314581794
ISIC_0014602,1.0,0.9343905143113197,0.0020752261835758736,2.7555321214241197,25.958848242183432,7.9221489424753795,18.018456175680438,13.213278284994033
ISIC_0014647,1.0,47.68429542055287,0.052260572788503816,3.4826268147010757,148.53383244083594,4.246381061695917,28.69446197722635,61.747497174723506
ISIC_0013160,1.0,0.9796974472489773,0.03178775704031895,2.057948214522102,3.7915908759249635,9.48948086682676,18.11456961060451,4.3258712133543895
ISIC_0014617,1.0,1.5520245622169084,0.007849438920580293,2.956928001447537,72.21186121309745,5.351196296237223,16.864224564583147,18.104629724353508
ISIC_0012314,1.0,0.9244388093648878,0.00818887782628677,2.483965501061472,5.79257105497245,5.978066886946464,16.530105447439244,6.5518587077771215
ISIC_0014578,1.0,1.5212067988165734,0.11317910178767082,1.7123424485398862,3.6331894710482358,6.430658961109897,24.135306900674866,2.339660833035495
ISIC_0013129,1.0,0.8178332913806428,0.004349921203958925,2.9314430077990705,2.4267188477332478,8.602640275792425,19.902538869660507,5.925912125349697
ISIC_0013215,1.0,1.9494291735605518,0.021568268537521362,3.037592094388566,2.040947079558851,11.128896847425342,19.942595038218794,6.617249718789559
ISIC_0013687,1.0,1.5912717562583525,0.012039596363638636,2.970840570782316,5.469504601724283,12.35741626843368,16.928198210469574,20.514334631981683
ISIC_0014646,1.0,5.766309086844519,0.03436096670415145,2.3772322540350523,95.83978673042111,4.9081333585967,33.67460015741772,10.6263329776979
ISIC_0013174,1.0,1.6414503176022377,0.014283605764816765,2.872419442146918,2.1560301461377365,6.378645222985129,23.202309203685523,1.470565723249507
ISIC_0014580,1.0,1.2506550158427607,0.05880053166628247,2.1426543518598002,60.54975835520585,6.332073439463769,20.976394102337164,8.237302241132994
ISIC_0014643,1.0,35.46247582721358,0.026690816249219117,3.6779790634064153,4.2017592871910665,5.11366599044534,32.1648355962311,65.66127701800815
ISIC_0012379,1.0,0.8805096724072071,0.0377663479438576,2.7053795686599447,89.06035157369858,7.558414204484945,20.073344162544206,4.2846863151341665
ISIC_0012884,1.0,2.0134253959413617,0.011229221568952886,3.47143933011088,2.684564085517188,7.648334091866557,24.688092687277837,2.1450246284670555
ISIC_0012455,1.0,1.6696761284272792,0.0002937468460289874,3.2312103228016142,6.165723088398978,6.971225327794672,17.224766870671004,12.798185540470719
ISIC_0012705,1.0,6.6532397801085965,0.048606089820840366,3.688565859326502,3.2068280935540634,9.174074337225957,34.94117812188819,76.4952131250553
ISIC_0012372,1.0,13.503498425390058,0.005566137770773103,3.1281197928373174,4.3690834625264054,4.613436050514914,29.96779505671323,3.3983939261327976
ISIC_0014636,1.0,1.921415111937378,0.014960613050887644,3.9661934292131042,3.8745963067149862,5.6329109826261154,26.40359279760784,2.9556373712123047
ISIC_0014567,1.0,9.036306601234177,0.011734785987331142,3.1263633839227043,2.186878740172494,6.884076854608738,27.0757364401757,14.717309668380423
ISIC_0014616,1.0,1.5919094833682403,0.01028151232050344,2.911210093667161,1.8496939091258262,5.38930307652042,20.213945500661264,7.900840413025797
ISIC_0012215,1.0,1.0628026282267455,0.0008528220479068928,2.40888891182723,108.1171145785029,8.39651505213202,17.398368099861937,6.661339367550141
ISIC_0012811,1.0,1.63626717394595,0.00046347819673176496,3.094596815705192,4.80382490338124,11.725010248384754,21.76112047283946,10.782440624860527
ISIC_0013203,1.0,0.9083342037584483,0.010310042592837493,2.391824390193146,118.99046774618355,7.44288392630088,19.596943307829967,1.774606431618949
ISIC_0012388,1.0,0.9033518087419092,0.028350476353331606,2.599134660717674,4.552447816735664,7.085859671857934,24.06609576949753,3.4331119807881123
ISIC_0013177,1.0,0.9896571394628767,0.0039042147841680153,2.9099650971592257,165.4132798589784,5.853578976820503,20.374334230333396,11.017551950461169
ISIC_0013030,1.0,0.8719899067979936,0.020752779701382812,2.5242384121462442,2.6801678740320245,4.042821205236142,20.99972132004546,2.137825834845671
ISIC_0014632,1.0,1.624384795391796,0.012522290469585893,3.077429586375841,0.8903375073216617,2.4992472214743144,13.18128027428527,1.8380886392752984
ISIC_0012932,1.0,1.06502120250434,0.004876005721922106,1.9081879892064761,1.6174757968132953,5.41203099298805,24.59259180214367,3.620425963387717
ISIC_0012415,1.0,0.8702210958145133,0.003004564249922207,3.7212813023027396,1.961535697650043,9.454790957874348,19.546440495992563,19.637431714342696
ISIC_0012173,1.0,1.8154239393040912,0.002128245998588082,3.5755785622590706,176.80345794347525,6.11723861074529,21.10587468400334,1.2649654819610419
ISIC_0014640,1.0,1.7718855184074374,0.0028331122820307053,3.0736004288418486,2.61329129100121,6.041163538450762,26.177944005412872,12.514337203923048
ISIC_0013040,1.0,1.9057286835928806,0.00041502673156582006,3.439623794459617,2.639561187336776,9.117953341575145,19.456105678681492,1.6761803020075234
ISIC_0012880,1.0,4.556288630501274,0.0022554674280202886,3.4100244381233282,2.434948097882905,6.343122644956795,20.573037458300078,5.028026811205471
ISIC_0013958,1.0,1.132897519375928,0.004474818188598557,3.7583914640395664,141.79927273718252,7.269357719077503,25.07634994897953,9.896825930340356
ISIC_0014571,1.0,1.5882040375910542,0.009448664244906577,3.015862491718434,2.7836047726675273,2.9230476963214955,20.39723512061357,6.479400050548946
ISIC_0014603,1.0,5.661782853808208,0.112691691689698,4.506956773411956,4.612468871058599,9.732202941917246,33.762979300985876,78.12968167651417
ISIC_0014572,1.0,1.7058280067651035,0.00826211343463583,2.991287235401885,3.2650567461013287,5.383118536046114,21.473813014231315,14.50924433859241
ISIC_0012433,1.0,1.0389457873711923,0.0554959426805961,3.6426933104076795,130.59163428265867,4.975461567940762,18.275152783935603,1.0043472507487934
ISIC_0014652,1.0,0.8542368951906668,0.00514381704851985,2.400297679049357,74.72925749317498,7.224570609903176,21.718205534203268,11.655902780691434
ISIC_0014598,1.0,1.2654307693624112,0.006406368534663905,1.964619717034927,1.6704166515747507,10.156999169674956,17.437732142509663,12.632821591339308
ISIC_0013146,1.0,2.9115241997963435,0.0099432266341077,2.809911586414048,172.6039924455429,12.095557425147645,30.959408410965747,16.002769455326927
ISIC_0013170,1.0,0.8350932485793537,0.00017527988793455095,2.8415781764391963,33.50757091376422,6.4762474618823616,23.322117045263756,4.570587309114714
ISIC_0014596,1.0,1.7678134600578275,0.0027691870733545045,3.4699878558216435,1.0629063459503674,2.945692953126527,18.72222472530605,7.844607316880143
ISIC_0014638,1.0,8.689450768717984,0.005277231796891643,3.653099656260652,4.400156132095737,9.610870527842424,31.228417782471556,44.459409854321216
ISIC_0012387,1.0,0.8392680293987843,0.0009679761381654404,2.7505316426995634,4.6379586735740554,10.021121716998929,21.09177834397195,13.780957122391058
ISIC_0014612,1.0,2.214996077491185,0.0019217675420651577,2.8255387646557404,3.0591995421584626,3.480593641075854,29.57986946018138,3.9811311133208562
ISIC_0012359,1.0,1.022156381632866,0.007313830108367171,2.657155035065727,60.9267986153223,6.237580722358934,19.48652140907103,5.066450940056583
ISIC_0014621,1.0,1.023411842021194,0.00442477737659225,3.1084791828797833,110.57408099165215,6.041448291443371,18.3309468588215,11.129994981827508
ISIC_0012143,1.0,1.9634711249632324,0.01379622423030382,2.4665796930503303,120.00683101388877,8.481481603074998,18.77584840778884,6.244838657906996
ISIC_0012178,1.0,44.00316956182072,0.03244967504438142,2.918825004068082,149.61883354716463,4.707969651879425,36.01146332593605,76.85775456675437
ISIC_0014633,1.0,1.5986782307847998,0.02419535045418481,2.6368121097162334,3.119359762576037,6.496126466293163,18.207531844448447,8.30706534305925
ISIC_0014615,1.0,4.0813561596814765,0.002924504314628559,4.19633783042518,81.75393967395898,4.785487064179476,32.13673444099936,9.095726048077324
ISIC_0014642,1.0,1.8694051870358268,0.018663281034928588,3.4746901605115865,3.5702358320472913,4.267350069402546,27.111310700854926,2.282559594125175
ISIC_0012377,1.0,0.85508928240654,0.02482472165618552,2.6943849188475246,89.01588448045867,8.221516022526846,21.03649330357951,2.4194619270509605
ISIC_0012204,1.0,0.9452930339724197,0.004348796786460869,2.6169727403743397,1.9842866342433723,6.6525014228045745,20.885882307090036,2.4985013876503714
ISIC_0013673,1.0,0.8849676563370841,0.0022740421077341037,3.0070094996649206,85.41784620850471,6.450181915282214,18.05169274986506,6.26967107430886
ISIC_0012998,1.0,0.8886394026653253,0.018159948415109328,3.1931943191210634,3.3121590775359273,11.446182192959025,19.456721465422202,5.1454886832896705
ISIC_0012250,0.0,1.574793054424514,0.005021575493151437,3.0885490500574053,2.2905284587198014,7.754780650882328,18.15612002246406,2.4836166786443385
ISIC_0011168,0.0,1.6325686576249328,0.001018836434741553,3.903282203324788,73.43223517569794,6.548708519625216,21.02548556167563,21.358482629162772
ISIC_0013220,0.0,1.7759814231761204,0.018639459417712348,3.4379796095670825,157.97888686771813,10.212670654176817,18.996014236783374,9.968945477092547
ISIC_0000352,0.0,0.8859898899550473,0.009096411802561676,3.325436309523549,2.890380314949904,9.609551814268672,21.88794864017803,24.364378756923372
ISIC_0016046,0.0,6.199368585815427,0.010805025997518342,3.2424998291642666,2.5035298205435073,16.482102949421783,26.054677809139058,17.93510047500959
ISIC_0013248,0.0,1.6176431210834792,0.0006389982398760646,2.6083279436645173,6.442263296144549,11.709160534885843,18.309453586707146,23.484793476200203
ISIC_0000341,0.0,0.9962531104513394,0.009649935976349845,3.0552392794044194,1.5510248046469568,8.66624382008743,13.135804617239042,17.385718267109638
ISIC_0012126,0.0,1.6830929548455438,0.0003054408307990598,2.9502995999246195,4.077021405175276,14.761589790034455,15.712026717873048,16.568863651378564
ISIC_0011317,0.0,1.3251296587913248,0.013718271941344578,3.836758442185627,33.83959006739104,7.984565640374228,20.804504271508968,14.112632018256406
ISIC_0013803,0.0,1.7984476930339095,0.007364771355958829,3.383589412009616,3.069091830847181,9.109224013001318,16.640729399199337,7.1815762316006655
ISIC_0011219,0.0,1.6062979520049483,0.0006714217903956289,4.029232188761284,25.585029053216704,15.080729887333048,25.638578203074026,28.5148881654981
ISIC_0010078,0.0,0.7898820624755747,0.008177025580756756,3.2390093245905955,8.72005555837067,14.412184921282403,18.943538902691635,30.50678296103706
ISIC_0000181,0.0,0.8498182402568175,0.009140616916930393,2.842229893598884,165.16533702115242,6.474833524188598,19.093143364858772,34.0858764457933
ISIC_0000127,0.0,0.9127361971284929,0.0030414129687981236,2.6891505227562673,99.24236218248288,10.056181435701982,21.90769470733583,6.680228473784965
ISIC_0010458,0.0,1.9585312005981343,0.011226745959133881,3.196491572966716,4.13376162509044,4.863836098273887,23.32246647498589,7.320063521152655
ISIC_0010339,0.0,2.1020021724974995,0.0015561238369878666,3.536092044079241,4.579822451261739,16.855748981104696,32.06468470012898,19.981074032408287
ISIC_0000212,0.0,0.8181878586437517,0.00037920894040843035,2.746959724820499,49.950958157455915,18.174602646474664,20.526523528413126,29.17536922028654
ISIC_0010100,0.0,0.8655243261397179,0.005717503926216955,2.792429901240204,3.9240241600658337,11.249831942346068,8.79782946476293,5.73917765732709
ISIC_0013511,0.0,0.9588434525979134,0.0038227569746844634,1.9962530339491142,65.3784538227666,6.787638612604668,19.87479362016528,3.5369907225632886
ISIC_0009914,0.0,1.8695967567416367,0.008271133522162008,2.895977151603751,6.61349767606645,15.564263253398188,26.2799685473211,16.06316818377956
ISIC_0000061,0.0,2.397879519100524,0.009678965167689582,3.018624327992467,41.26249976673646,11.151552992497988,22.775877399880883,17.658218473994673
ISIC_0000123,0.0,0.9528912224559976,0.015908689088658896,2.0495730615686263,26.301806798809306,8.789318855662575,15.075888506183555,24.666407764514766
ISIC_0003539,0.0,1.0682540121055242,0.04056751629781357,2.6636377027781517,4.10353961724714,14.404978956435864,20.69935317057081,14.574955028343872
ISIC_0010356,0.0,0.8953498986203566,0.007493430318457304,3.343515597223861,5.581500883336648,14.911095454100236,17.476718607050433,15.954120034590105
ISIC_0000067,0.0,2.0390063550092816,0.0017702007899060845,3.947172111407546,120.5560534522421,15.821612204177425,19.804812725447317,23.59826058159667
ISIC_0012965,0.0,1.6404783511318028,0.004870722961459899,2.526606805878482,4.5738392199829185,20.92618041616262,17.819114121668104,20.40497684241908
ISIC_0000237,0.0,0.9667237761462757,0.0010677984946980308,3.1878915067690015,151.1127972904109,15.50462321682055,16.35608731702779,21.237562182452344
ISIC_0010348,0.0,1.0764203214264105,0.01996750700857491,3.4106627374377654,5.451092894584818,9.685904121003365,17.285587527335068,7.039989255170596
ISIC_0010848,0.0,0.8595664638525377,0.011748431594123835,2.812763156244434,3.9479811777157843,8.490775806021395,17.29054112233671,6.1486155911838125
ISIC_0000269,0.0,1.4868306722149567,0.0005895558001725269,3.343180093365023,65.6949389288986,14.707395370023296,18.970981889193585,13.167550119251402
ISIC_0012787,0.0,1.713261299634356,0.01939120533723553,3.904102464977626,4.194185063085277,12.633396775627896,26.093169061478775,10.16493093290596
ISIC_0000326,0.0,1.042214362945969,0.03579815094644767,2.918763891569337,1.5206571969348617,9.489351385102438,17.60681488382751,22.010241966337468
ISIC_0007156,0.0,0.8430857116197089,0.003472820895855377,3.037278974413938,2.2444807374021853,13.481428079203603,19.024746411622008,18.142268211208943
ISIC_0000317,0.0,0.8534202113242707,0.030796920387338445,4.189570383702844,4.593552405187853,9.263676079775369,20.441231887073283,22.811494968357692
ISIC_0000109,0.0,4.292382946371856,0.020041518781241878,3.716616151625339,77.02082666969986,12.261624223313662,33.43700967016086,24.04334314424652
ISIC_0000344,0.0,1.305127403419986,0.015442371400249798,3.7374729777173252,2.3972093916913395,10.668171311718346,22.998625302086694,11.659304035168304
ISIC_0000107,0.0,2.840506156623024,0.02428057039017983,3.3890142650421313,5.191589579632637,17.579372426071767,24.03356761014291,28.720115192767018
ISIC_0010019,0.0,2.7021650116858114,0.018742384617625032,3.2729693665962576,5.871122031202879,16.56635381040909,24.125521441343242,14.999117579225576
ISIC_0010351,0.0,1.6640602181678823,0.0024553994713722343,4.62503814135194,3.5854317511083655,6.326572542117361,23.07174095486714,7.618925831202041
ISIC_0000087,0.0,1.886096568134246,0.0008327126705620628,3.0098294534340315,2.555502409448174,12.573722486872533,25.423314132933566,23.19717529893736
ISIC_0010185,0.0,2.7887154701862715,0.018982940506310386,3.322349940887024,4.078763990054109,14.378584856819261,22.369346250774072,16.191529452602722
ISIC_0015991,0.0,24.760669430320505,0.016625297169962618,2.5822053272826486,3.435887428400767,16.442487855770892,20.05911920508461,31.593239382467573
ISIC_0000039,0.0,1.4698420118551014,0.0010778414493499981,3.399334195641654,149.70567084888208,11.567891361019461,16.68643827034309,20.189809517889053
ISIC_0000110,0.0,0.9572171943439316,0.004424176663448135,3.0098582140050687,4.189544838947324,11.399626267194101,19.771024610219147,6.446780809498236
ISIC_0000069,0.0,1.9025705525479775,0.004420650405791872,3.1720605034429648,47.67240997925464,19.48422374548384,18.192008498456577,10.864221805919826
ISIC_0012182,0.0,1.6187143794269256,0.009289516944946128,2.962656475970134,5.752060162322583,14.48142914111533,19.70992163801531,14.581596406979791
ISIC_0000204,0.0,0.895874838261503,0.0013553423328143996,3.0331980484538503,72.2132151683973,18.805461610455215,19.297212462001138,22.395689100808468
ISIC_0000342,0.0,0.9553761436903611,0.002738554844570314,3.43317721060859,3.2544275317356166,10.610298646480155,20.638526584473738,28.91109421249734
ISIC_0006651,0.0,2.7144690867728043,0.01886596744155649,3.6601757137148367,0.8490608421809711,11.35280624205102,25.891325907093353,5.744275401447183
ISIC_0010064,0.0,2.337261367687634,0.012449732111673053,3.4091905127961146,32.864311472346884,10.937460426977923,28.761694027871197,17.442802322688223
ISIC_0010264,0.0,0.8854470557437756,0.009329344633548222,2.824032438274075,125.34419785249622,6.670822435939065,15.843772794163968,19.78765464519141
ISIC_0010334,0.0,3.004853537618509,0.0008960564167506518,3.322855085008012,9.000603844373947,16.22984432813232,27.52773499690346,19.28791638220271
ISIC_0012118,0.0,1.690409348945276,0.0013207723986766288,3.0292064445801206,3.175387663797742,10.998583404060566,17.722753983679283,19.17756635094279
ISIC_0010249,0.0,0.9548610113509729,0.0006449414469938565,2.2105826508985946,3.098676817088912,15.709816642148859,15.129075150621858,3.450460875777736
ISIC_0000544,0.0,1.9377789003577275,0.01789212672576176,3.080452574211102,5.846920950677267,12.698433806048458,17.526861102880492,21.972813415604957
ISIC_0009941,0.0,1.7320827599989992,0.0007176113169700618,3.393055923389168,5.098740878153271,14.067074882315394,25.626609916743107,11.221479989512929
ISIC_0012659,0.0,1.5206051325978207,0.001555171724559979,2.7917746081022785,1.0332609243546966,8.268740594821175,12.646317748388393,5.653564550709888
ISIC_0009935,0.0,0.8734848752611593,0.0091564997518306,3.1727809457989102,3.997726707461165,12.441472879140282,18.30480992243498,19.283872535125752
ISIC_0006776,0.0,0.8850936836617334,0.011826128694759085,2.3544938186308224,1.110344405453864,6.133903121143709,18.601145451055938,4.425478544508309
ISIC_0009994,0.0,1.798090721424883,0.034980895985873686,3.2455830448814815,5.334727234804378,13.040202075818398,17.494273538989958,11.249015979906773
ISIC_0011144,0.0,1.0111965317087908,0.013490696402448694,3.8365980998560296,4.784856430631356,14.822813982627373,26.038352649468823,16.84390180626515
ISIC_0000461,0.0,3.5635131289171156,0.0022464857364674013,3.206757543761105,1.9998054524640756,19.778355098716574,23.313459865020793,5.795182508337177
ISIC_0000490,0.0,0.9928415620296062,0.02371950691153869,2.6651499600534256,56.39355066074033,16.177635922097064,14.532372961647194,16.56454356171249
ISIC_0012671,0.0,4.88186893082205,0.0037016905203514795,2.878488654428495,3.3013405970693697,8.505702360673345,27.824756536431806,14.318019095114629
ISIC_0013799,0.0,2.625973349030086,0.016664427250457844,3.5851613950214496,2.594844454785038,10.441381671123013,23.337059457425227,17.90067809598716
ISIC_0000134,0.0,1.0119114958062017,0.01686192681747407,2.8003664914363635,6.367034575549613,17.42989692444499,16.765069863253334,24.569270468845648
ISIC_0011171,0.0,1.3585996791471577,0.015835999019274818,4.039158731441357,5.640341927530365,11.828437411790079,24.897098522927728,33.81146005716866
ISIC_0012460,0.0,1.5739041121672925,0.005755626100963667,3.039931919759019,23.911517251771222,17.659408138307384,15.582538821314541,17.58323118844031
ISIC_0000050,0.0,1.0719726713308695,0.003979201210989583,3.181323830036775,145.22956020604596,11.045725124623605,18.75200925280204,5.47045847400409
ISIC_0000332,0.0,2.7173408359418643,0.0013221260894967588,3.629838493621055,24.398060521756605,10.631821812054415,29.022781628594462,33.18579819429068
ISIC_0000051,0.0,3.3148480805210676,0.010906839886114636,4.3132522008194405,131.72174121941984,13.737021171907049,26.09508957789134,24.4622380113219
ISIC_0013208,0.0,1.806640141280533,0.020279421306976096,2.965141762731266,2.1634316521572443,5.830534655696168,13.82344669901829,1.0651454822132536
ISIC_0009947,0.0,0.9110379357153846,0.009038229741213589,2.7618217264632405,3.4741129781047646,13.829829034826465,15.937930760466777,10.874462911708697
ISIC_0011393,0.0,3.287845542647953,0.011970313622216903,4.0546523473693235,2.8213670790637053,5.57085405545946,31.051778923238672,13.116050084374422
ISIC_0012676,0.0,1.595313501195995,0.010131361341998659,2.8870686825201655,4.458840300678487,13.128943808394991,19.786060928775367,25.351459291409398
ISIC_0012487,0.0,7.8122429805618765,0.009167553998293622,3.416754666778831,111.47714949236762,6.5763122946414425,32.249664711353226,71.49288550827862
ISIC_0009968,0.0,0.882081282907398,0.012520058148876733,2.929261933719701,138.8170428095524,11.186132397401343,20.016337532741105,4.7426277279786575
ISIC_0000196,0.0,2.758760078378446,8.808927985653182e-05,3.5367159964101385,4.447259551567724,21.18900159661567,33.61309426727623,42.21563725402591
ISIC_0013837,0.0,1.5188387495513296,0.01065572253003074,2.7539800729124115,3.647887948341141,13.243042498019555,15.021228608051667,24.50171480615679
ISIC_0010847,0.0,0.9237617373842066,0.012494998223055158,2.5333186014555267,22.833483451900534,8.467795577728085,25.66174374260326,20.668590985019335
ISIC_0012156,0.0,1.8634561074048617,0.017401271516172052,3.2703435221655357,4.77722440350665,7.281392268702679,17.191114627483046,13.096923322174405
ISIC_0000365,0.0,0.8442616986180743,0.005524687957439441,3.555785018994586,3.2027268875639043,13.298834680657553,20.17438131861511,22.187449437322925
ISIC_0000132,0.0,0.9058425463474464,0.01600209597188212,2.8525243439123633,1.9317553026618914,11.398736880214107,18.441075249992128,10.654607461150931
ISIC_0010032,0.0,2.594528936787805,0.024381652744205146,4.108948683739515,6.030650441514044,15.743061656638654,25.34493577390377,11.761721751878937
ISIC_0009969,0.0,2.7882767501232197,0.00614640034563519,3.738444191604287,6.604067851799493,15.612020622303525,25.23183822971741,23.122361522742196
ISIC_0000261,0.0,1.1064966472049695,0.002836451418225709,3.2939866782047087,3.403472381749461,14.600406078727703,14.62737227252783,10.972426785737447
ISIC_0012674,0.0,1.9085251953057767,0.03746728362319524,2.947048860815155,34.868075009876286,11.013871921182151,28.42233438911319,2.830782847007214
ISIC_0013966,0.0,0.9092273281914477,0.006023878125976136,2.1692079084986067,4.6765617339315675,5.640461847185601,20.647798969484946,4.141087882701605
ISIC_0007557,0.0,0.855618079649454,0.021266821080990587,2.9514117053628945,1.4574277931733386,12.98126790516131,17.314239168526395,6.597397080789094
ISIC_0010327,0.0,0.859863750961058,0.023566651513312425,3.105116015031034,5.6282972348022335,7.901286399759572,14.542291535690806,7.746814013714953
ISIC_0010237,0.0,1.038070136078051,0.00965568547932329,2.4157242120015976,5.977177580673338,15.903080669000941,14.479331959029038,10.08371348539417
ISIC_0015941,0.0,3.177261523655932,0.0019471595125139525,2.8163026253467622,5.6527631393550415,16.230960575506614,23.37673409929303,24.873817551005715
ISIC_0000118,0.0,0.9076709293726338,0.04260942519259,2.819673717468846,2.5643818876881337,14.866422871921213,17.281218843018372,14.278925168479354
ISIC_0000093,0.0,1.0871409808998675,0.0003198763589096446,3.474616206080259,2.7278656276057838,13.694347444657508,18.45962457886944,9.932792350746055
ISIC_0000455,0.0,1.8807111470561941,0.015328812341740074,3.680633664289727,4.225957125162986,14.87398209757068,21.34528673539006,10.751066039919337
ISIC_0005620,0.0,0.9023531185464762,0.025083600623574426,2.8663707311047504,2.8200092197984525,16.262039829303603,18.50031014797357,7.3668981551756545
ISIC_0015971,0.0,3.9955926299077293,0.015862172985207354,3.7909672963293284,3.6366955801464025,17.391863041014496,21.50629422351751,32.765924077173445
ISIC_0011321,0.0,7.043136673153357,0.0015926229428381417,2.4571082466205536,23.9844039092055,18.297345705902664,22.320683990681843,16.06850922027887
ISIC_0009982,0.0,0.9931106887142469,0.015823414107553762,3.972911388740645,4.532438054225622,13.881194703057329,15.9807820556952,11.410871861625196
ISIC_0012844,0.0,1.9464813251293143,0.018606714624349284,3.4700502912397404,5.266139754772338,7.580094782641821,24.935105401276168,14.302175043561888
ISIC_0000498,0.0,1.0012592379298635,0.005187053189274229,2.5263548980817516,176.1109646251668,11.53755026129286,16.80760743131216,18.82468783915496
ISIC_0000009,0.0,1.786743528416072,0.018734975630196504,2.8887040373832717,33.16678358883754,16.601333696801422,19.766469132241653,14.481622676073904
ISIC_0007796,0.0,0.8811833302724228,0.004504896919447474,2.470222806641181,4.176948322261423,18.720965181594412,16.163084846008854,7.613253071381251
ISIC_0000250,0.0,0.940826487075304,0.017369968964788846,2.8077405908390958,1.7584957798066212,12.542907816600643,17.546435689698797,18.06849329644467
ISIC_0015948,0.0,0.8756956734137317,0.0038544037064559573,2.7185363371602644,45.82795304211557,17.62115646938779,17.834337898130798,3.665417036424614
ISIC_0015964,0.0,0.8344901528812112,0.004701470225189429,3.1339298943513554,4.666811505152191,11.688293853159275,17.4638487405046,27.07753234710429
ISIC_0012303,0.0,1.5495328569121616,0.000345301274509869,2.977101105771812,3.8248301708124655,15.432668052362379,14.557410899175501,16.119252129615422
ISIC_0012141,0.0,1.7219429893516087,0.01215494275379351,3.221134357950943,2.2283870928373752,9.378949866687956,14.841877966316316,9.752112129780599
ISIC_0012658,0.0,1.597469497647197,0.02193182955281269,3.6352914869309148,68.78624812318452,11.791564037153696,27.491732652201375,4.278741960105975
ISIC_0000227,0.0,1.8867341385937726,0.005966343181616346,3.3685061610229488,170.58907387334105,17.96914561151789,23.416540241331763,26.46122293510335
ISIC_0000900,0.0,0.872627424079518,0.002679217542786282,2.649464952995712,1.4593108994919854,7.313530092051173,22.78351122293303,1.590433999197927
ISIC_0015968,0.0,0.9236584178329195,0.0020482642586014906,2.35095519849632,1.8487639149703674,11.536912093314148,18.099929881014997,9.577124046326702
ISIC_0000483,0.0,2.2510052435287706,0.011686694833754402,3.1887019933207394,3.832499531903835,17.35206160831038,20.524995922970643,20.77999879978391
ISIC_0011088,0.0,0.9288492154442554,0.0012917068370072499,2.7880739313289498,3.181458069460103,9.24938546340571,20.443745876470494,8.874674762285153
ISIC_0000396,0.0,0.9046821457699599,0.001338937299069904,3.193511119875051,58.09507313011094,22.104225081995807,16.83427329506944,6.502583352154858
ISIC_0000197,0.0,3.7004289396746803,0.005811919099948184,3.2233591679993414,63.62309673431482,19.72401067292836,31.50530249746675,35.01394762767251
ISIC_0009963,0.0,2.13988701579923,0.07591792682660871,3.69025609993757,3.9261337497748117,11.61189589495187,25.47422534877488,8.542547217336548
ISIC_0010566,0.0,0.8876724233423802,0.010583363779459903,2.8734719192896154,4.257996885045263,16.600517461249147,12.099528997870543,14.651300727447278
ISIC_0010463,0.0,1.0651193555970304,0.024016158045886325,2.5400384849488495,6.290407373051736,10.41745925207781,15.237090621989783,17.107131333812106
ISIC_0011205,0.0,1.2968424533088507,0.00879001922613436,3.0828662207374964,8.531633710597964,9.91300838094164,27.267312720790787,40.175114979202846
ISIC_0006350,0.0,0.9189220917814885,0.00562665688022622,2.4826584920277175,1.2454882837678083,13.420287287285678,20.026937328060846,4.62410668384851
ISIC_0000327,0.0,0.851875478559276,0.0042966352324089055,3.2569057333310685,3.4657633512771886,7.462990366404578,20.875919143290293,30.01536578222089
ISIC_0000338,0.0,2.4416601530896025,0.007315057765443815,4.107029615410862,3.0232749075653254,12.20861819815326,29.898981375596993,42.63517481066501
ISIC_0000137,0.0,1.550731529163466,0.007593002668648797,2.812662234480108,2.140271783137342,16.611942454773494,21.94172346056858,9.319082595657278
ISIC_0000214,0.0,1.2836283164041615,0.021161964966655743,1.605617843600821,135.8059064670733,22.11832277446785,23.832914080575907,35.96600247161051
ISIC_0013946,0.0,1.0621435716642427,0.047545836519517874,2.9420041508767545,42.033662464867284,6.943128987390479,18.053944298293157,1.5450145706901708
ISIC_0000235,0.0,0.8839629521125406,0.004540561620625052,2.833310028824672,40.89750669600152,8.744557892766473,17.18325921197525,23.174088139876964
ISIC_0015947,0.0,0.9225961404665871,0.012304050550696841,2.883487467332153,2.561489039006857,9.202345907506311,20.19851580727629,2.0270676276148265
ISIC_0011343,0.0,0.8716009663656598,0.00046004426861932335,3.105511978301,3.9884435009942494,14.521617401675389,15.645389373446376,10.432699481668493
ISIC_0011372,0.0,2.441754585721536,0.0008633821587251908,2.744459534696271,7.755161159239091,8.318599317885534,22.22769287743943,41.04223838492281
ISIC_0010490,0.0,0.9002036908866489,0.0100617308165039,3.2301594379989833,4.257491343667472,11.24202454357399,14.656634901919608,1.8542303780526197
ISIC_0000336,0.0,0.8490154955906337,0.011086336202630071,3.542356591717202,2.302951309419303,7.269491186377472,20.3649294531728,30.55384901146393
ISIC_0011352,0.0,2.9335912318733897,0.051538708308364906,3.3502896198428034,6.379952310803189,13.272808828913286,27.01859103562982,14.640745764576387
ISIC_0010337,0.0,0.8752728242800764,0.04125159289694914,2.828674821197288,4.290776748835277,12.18926839561413,10.05071593311167,9.7607327066101
ISIC_0011397,0.0,1.044492277756952,0.024775412693580887,2.7352982316412606,4.052149980250558,12.01805947281663,20.83507229957289,9.823719493692984
ISIC_0010318,0.0,1.713268872290944,0.030281933741272596,3.177420498769697,5.4952439836733475,14.45788662572552,25.527285188449316,11.83930972378522
ISIC_0000999,0.0,8.001445615040197,0.013856717727693897,3.0767238067481313,3.085223274034251,13.002936986557431,21.061988467128096,16.15796720434861
ISIC_0000323,0.0,0.9003903978558424,0.017650253920843528,3.4536364015871244,3.884840630587352,6.879418606909599,18.67360560208779,3.8101198594621195
ISIC_0015975,0.0,0.8694286367897595,0.007844705961575249,2.7657963260537595,5.079448465212082,20.073615493594694,19.302645211886052,20.463006693334165
ISIC_0009911,0.0,0.8548057648041323,0.009059136691825507,3.1063781171955513,8.394455705336036,16.855636152091375,15.766204808434711,23.862728029200667
ISIC_0012706,0.0,0.9231677260304396,0.007608868698190037,2.473051543179599,47.49161931045008,13.038412937468715,20.44746669780146,3.598409574953834
ISIC_0010219,0.0,0.8806141528978352,0.01439599514997985,2.9483178862586237,3.7987415908619506,11.524832007810073,17.86080278578905,5.415123847256268
ISIC_0000242,0.0,3.102328053953736,0.053804528844448064,2.863904375698634,132.21710098957885,17.869360292587242,21.972810556925097,12.121731956527512
ISIC_0013096,0.0,6.8844908906045195,0.008420032948412206,2.9974957928351516,4.718004578459162,13.606139066846708,24.798961490105064,23.05224058186684
ISIC_0012725,0.0,1.530104680281922,0.005122165835513773,2.9547125852780445,2.1858904100509005,11.829676891421006,15.918665284653061,3.1678717998827466
ISIC_0013181,0.0,0.9271357390701307,0.0043119552465930855,3.779946931382704,3.457512460776959,9.9089483798452,18.20028498244538,10.307088826779747
ISIC_0013024,0.0,0.8105430382107253,0.027796649440930674,2.614504152571179,118.08397838192647,6.509874126031694,17.285538707016133,9.90725399447254
ISIC_0010857,0.0,0.461127095941318,0.00021632665324640207,2.485280658879438,3.96192447843155,10.235074916388458,17.861590009731646,9.289262260790522
ISIC_0012274,0.0,2.409366290911762,0.010043070768097056,2.7083735294439775,2.3610936073785926,11.318962507566255,17.335737663690654,11.576583518192642
ISIC_0012653,0.0,1.621438851776322,0.008354721420168966,3.215078976975211,2.380065323233667,13.330183954980873,19.77210736106616,13.508791337243352
ISIC_0000021,0.0,3.928249723331008,0.023437815151294183,3.078058614817979,58.35279284997328,13.147882315584553,27.384191823231202,11.072484138982944
ISIC_0000024,0.0,0.7922536095837931,0.008278017009750935,2.8017655913687776,170.44655019181386,7.158326110669782,20.404776306523857,2.8783568085002713
ISIC_0009965,0.0,0.9853316168964612,0.006626337060315922,2.263665498950794,5.624663003166451,8.135792740859385,18.208793710820505,9.287068298682726
ISIC_0012710,0.0,1.6193023042625483,0.012198183770890053,2.5604923452054913,3.1854736638472407,11.794658075257988,14.705535256605542,6.4906710719542176
ISIC_0000353,0.0,0.9732302751012858,0.02001112201399155,3.3160578068847943,2.708910747830737,6.523639216458817,21.528883308847043,24.779685419741753
ISIC_0013967,0.0,1.7156396815105588,0.022230367288821797,3.0397775193395047,69.01629845212456,15.061071687251882,20.00940780395902,4.585719611023173
ISIC_0012360,0.0,1.9975970601649584,0.021943392682799663,3.320323668214283,2.4798594996424153,16.309079828121572,15.092041559063786,14.322970622927869
ISIC_0012107,0.0,2.6842575056115145,0.007769039595006762,4.0523717423639765,4.865045536678455,12.894116761979154,23.34572254681667,15.220920083179799
ISIC_0013012,0.0,1.895551857927707,0.009884907600511373,3.3647758831749695,3.069282308449522,13.102455488601395,22.886106704111253,4.792223583550339
ISIC_0012768,0.0,0.9792811856894338,0.017282312018714087,2.91537365916258,167.4845886955598,7.557222087284942,21.40277067189464,2.2876327722700864
ISIC_0012167,0.0,0.9115732905305212,0.005702703719893958,3.521312792996338,23.92814273155905,8.677661642085415,16.247633281167047,7.346130384880176
ISIC_0011292,0.0,2.515005944788326,0.017626576831485257,4.603496811695937,6.247572950950404,14.668856588592703,33.45625039478902,28.220375373475136
ISIC_0010058,0.0,0.8850157933489032,0.0045386000976534845,3.699926310444379,12.30101357984593,14.483056946311047,17.06838051566159,12.420226374386424
ISIC_0000509,0.0,2.5383390675192525,0.0051090074444921476,3.475331869894057,1.73698508810688,10.458351349228849,29.847492020915155,9.270774020603199
ISIC_0000268,0.0,0.9203874493985946,0.008384585157228107,2.6889133360908977,2.6990996265367464,10.384817298792607,19.807539062163276,10.415280367831073
ISIC_0000474,0.0,4.862134148902716,0.0017005764760060589,3.059998139545044,3.620161111384766,22.70269477518874,24.10642489222633,17.845487547427965
ISIC_0006326,0.0,0.9621370472221732,0.004197877384399945,2.587439747444237,1.545311977814047,11.372027251185273,13.468183884742546,11.415895414824831
ISIC_0012211,0.0,1.7651486091818098,0.01756762429296684,3.4013310827168715,3.7926822114002294,12.993573400548003,20.952818404122304,11.719511146876314
ISIC_0000409,0.0,1.5375951366857472,0.017641308264013875,2.783576916466574,4.142627924041983,19.819772581693673,24.293574549829916,13.932862741841788
ISIC_0009896,0.0,1.0914782533170007,0.054752138842264785,2.353696310169808,5.480113826040704,17.257413385820833,18.94618685097331,14.157708871049437
ISIC_0009972,0.0,0.9188187666836422,0.0005250204626172719,2.4712491236717584,69.29460936827313,15.922797980856396,15.86277811850448,13.35646281308047
ISIC_0011079,0.0,2.1845358709078058,0.021855476900542247,3.1461908919463535,4.474123209668066,17.075781599359882,35.369625895570216,11.141586837509792
ISIC_0011367,0.0,0.8418809572818751,0.003623275344931014,3.440300409674777,1.5049902079033974,9.251574537555992,15.559306596438123,3.8107739430556506
ISIC_0011214,0.0,2.5882734119237214,0.019873483416731133,3.320674009897461,7.529471074382654,15.781110801218457,21.31102876961348,24.523486726610287
ISIC_0000086,0.0,1.8901743370832893,0.0009391303634629861,2.932159968494643,3.5448511270544447,13.24083162088982,24.619874202623368,16.576115266985596
ISIC_0000017,0.0,2.4378493178175638,0.026911250184261264,4.4461510798407335,4.552537764572804,16.33478921962673,19.25602088332906,18.936064423888183
ISIC_0013084,0.0,1.731032475030638,0.01029539497791412,2.9223128809354235,3.681685797055672,10.885705343291223,15.785243356213863,12.199522708039808
ISIC_0012187,0.0,1.7614161097319592,0.008830741911530134,3.4348544866887543,4.338344152751073,8.760646734436447,14.053951534535527,16.15011971823138
ISIC_0010861,0.0,2.0433116547370536,0.015480491174129146,4.55558548264239,4.2774957225893075,8.437199398507431,22.386891631818838,14.062236012086672
ISIC_0011159,0.0,0.9603050537784364,0.005608566341421444,2.2629811385721084,32.04916061115596,12.856385101843523,19.051054509359506,13.673537364162428
ISIC_0010104,0.0,2.1803620884425645,0.021485947372377717,4.369436365314133,3.041435966298432,9.068681527162752,30.863584196952846,19.9523746794209
ISIC_0012135,0.0,2.7850675337983426,0.0009153820249851181,3.829124268881766,3.1953187918232047,13.966828350539881,20.774385511216625,15.861852659226443
ISIC_0000124,0.0,6.087044406514875,0.0027270849554181516,3.713436784589288,2.661196153337479,14.347704587546543,26.25693921761746,22.42669587344443
ISIC_0000380,0.0,1.114891395874503,0.009353677281287649,3.004876467820839,47.781241904940586,20.961137249186162,19.351148089112463,18.29804015712962
ISIC_0005555,0.0,1.016859272554825,0.008009863317928703,2.618222582027174,1.8008542294622858,11.47543033562311,20.65395602075218,5.374054258932944
ISIC_0012149,0.0,0.9480525931091296,0.01011175197329157,3.081574322610501,107.46671631450634,13.506602025723348,17.645402354692813,12.40788110694551
ISIC_0013172,0.0,1.8143084248368901,0.000909905931783817,2.902926964638097,5.217366737410069,12.445551641785967,18.497588172402725,20.172140369986607
ISIC_0011110,0.0,0.9300665834967482,0.0007385379639693891,2.8354148493368534,4.312223681619176,19.805024305614886,15.362888121109842,24.866782916842368
ISIC_0011358,0.0,3.6068387480942827,0.023223594727288355,4.123325127637287,2.838842037124623,12.038692908212093,33.996794391124695,8.807529240095647
ISIC_0003728,0.0,3.568961578029197,0.011032039929157945,3.726682729536763,1.5577906804308046,9.593860328769484,10.21425466097704,13.91722996473267
ISIC_0010498,0.0,0.857384457259339,0.007228387885704797,3.5694170864448926,56.8205484882308,17.153144935682878,20.427001770893032,21.55996044975096
ISIC_0013187,0.0,1.822935339866782,0.0025787870087368584,2.937750831638542,1.8883990553087011,10.058004955794049,20.593331195279344,5.055113668692627
ISIC_0000006,0.0,2.547055729794606,0.018706797034729272,4.271178131000508,104.31124843255994,17.432534521026703,17.711078362871895,10.44260195263842
ISIC_0012374,0.0,2.126781719863792,0.013089067572609003,3.043805999704688,3.149774761525936,12.684199407223048,22.944616214251557,5.09913852311859
ISIC_0009758,0.0,0.8801348910673953,0.0024741368517181123,2.6618521306725293,1.4226231923501538,6.420256477927257,19.795737915468322,2.3648861037401048
ISIC_0009946,0.0,0.8979008747654685,0.011860701021969424,3.3261598339794975,10.71569129563281,11.356717739356185,19.385505411472156,8.027808582838574
ISIC_0012685,0.0,1.6076443496774488,0.013736824192887319,3.198001031025694,6.109986528998521,18.0505267883762,17.16471832868651,12.817830033622094
ISIC_0000089,0.0,2.663489438180191,0.010544030684807046,4.53201313000596,5.823517057574442,13.869431089690023,25.89840785053665,45.442068736494285
ISIC_0000486,0.0,1.8359018282532091,0.016077470879198044,3.573594799391977,121.82756460028455,22.27604947198741,20.145738116752927,13.134581941785157
ISIC_0011143,0.0,1.1133033711132079,0.028746614940950828,4.2114587133944745,2.352112345272008,9.527014042189833,18.155092422500175,15.3494592281357
ISIC_0011220,0.0,3.426071048721177,0.021015752494848005,3.224090041399983,6.224714962847943,10.25448944143684,27.342737269499157,20.6776120857308
ISIC_0012278,0.0,2.1885622737566144,0.008569169715097991,4.418801937879929,128.37214410853645,4.5577606626800025,24.579667998780053,21.55352069444747
ISIC_0000541,0.0,1.5907311754423221,0.0009512917258997189,3.872480016315084,2.5604212276635447,15.878717907194368,22.981829381015327,15.493413720646018
ISIC_0010592,0.0,1.9918645581797143,0.02156709903150991,4.391039756138587,4.880144071032743,11.695858916540713,23.272796964032022,25.300260496355406
ISIC_0000003,0.0,1.4216375879993555,0.032430289446441905,3.3837601535678705,5.365472190292378,15.010482861327743,22.658369749473604,28.538545011028575
ISIC_0010090,0.0,1.3002049169844443,0.03699993823651631,3.5167487630108094,2.130940150513899,8.961298134960323,25.555997434206937,7.433238134781348
ISIC_0009899,0.0,0.8711261794554752,0.0033525577015806,2.030082088350265,50.876575771364955,8.724511188617983,20.874163481183796,2.52992700586303
ISIC_0000100,0.0,0.8410132681501823,0.011940409514310957,2.6278763422861857,134.7570563127774,12.578147888654506,20.77333555620381,25.622022806100226
ISIC_0012735,0.0,1.5970280544710596,0.025897263481816167,2.602983519070897,4.749368145615696,16.751055099327775,18.618744239481536,15.524390274883416
ISIC_0012672,0.0,1.7750231370556,0.01957020842991706,3.082761523716422,176.20687335298177,11.149828280159111,27.1632522223979,5.6110040539127795
ISIC_0000479,0.0,9.519897129547847,0.019265541938391535,3.073662609694045,2.067811744680952,11.245444715318095,27.89313134076883,12.025877775191276
ISIC_0009872,0.0,33.8272240447592,0.03147386821236412,3.085895143735506,5.5149839314577385,6.678797904349353,28.339523620877976,59.18844805346794
ISIC_0000221,0.0,0.8704920769639786,0.0008828549567401071,3.5828192595087702,156.89661703351996,17.121296135363302,17.520990560109038,31.42733525784518
ISIC_0012206,0.0,1.8506568245037345,0.008634569123387337,3.3203255974421335,3.780483688006521,11.984469538245948,20.088389655319382,12.84712236644986
ISIC_0013205,0.0,0.8631567384716299,0.005077050223321307,3.1502724698791056,2.6974559891071506,15.71480518267648,18.111088272365745,13.501200787311532
ISIC_0010244,0.0,0.9638059711162684,0.0053443171066094785,4.040169416893941,42.5676875789187,11.222002638914164,20.571955148278107,21.79920412105364
ISIC_0000478,0.0,3.8434435666671845,0.0029917532180365803,3.9207405934692963,141.3754200001809,13.613183346395367,25.29320435359516,2.97772393855179
ISIC_0015988,0.0,0.894294115880845,0.006123379306606095,2.2531885434275396,4.574999573092087,15.313327393003084,20.075969541160198,21.338324223564996
ISIC_0012726,0.0,1.5474114122228149,0.0169873769876974,2.6168109574740273,2.0766027714810544,12.226061482168733,9.848708150195833,6.315181929940856
ISIC_0010070,0.0,0.9276077208485095,0.01560847209699706,2.7610329091057024,11.093237618084254,16.342093597701123,18.678005383276986,34.23536076417989
ISIC_0013486,0.0,1.8062827417655671,0.006410846767478249,2.6255689043110024,2.50755811912024,15.885864726335319,24.22031387770278,8.09585881858105
ISIC_0000367,0.0,0.8543411298202431,0.005009682053844712,2.7969100363177097,25.34229723408147,12.618337966904331,22.21453585101131,41.083368103895815
ISIC_0000101,0.0,1.6087157711803637,0.010077471079828185,3.6177448061668978,101.99358214503361,10.139086821563387,18.73434788770662,9.11436920087855
ISIC_0000192,0.0,0.9731041905747269,0.0006958197187016712,2.4190486675814165,151.2429696148985,9.282421657570087,22.4076219150523,37.84640650933498
ISIC_0000539,0.0,2.657769990189052,0.0006089429359574715,3.6050599282012548,2.5466597344493116,16.70460218871445,32.985506084214684,22.77616371721622
ISIC_0013118,0.0,1.8643657438471508,0.0463596248160056,3.3937285709362204,5.103686925392258,13.278598867996553,15.701530257155266,26.279202372696673
ISIC_0010257,0.0,0.9872112283039812,0.010466249659657478,3.3251994423172038,85.5944315724366,7.464520900545486,16.424893900728975,7.638147081668819
ISIC_0013843,0.0,1.6031570828746042,0.008584737041650869,2.6105627763043397,3.8214235079098775,11.795190046516138,21.153370477037456,13.84153459217157
ISIC_0000185,0.0,1.2517558964354745,0.006821786899444331,3.1152257480098444,24.446241395549347,7.065968576786905,21.415371713303827,9.22126145406024
ISIC_0000008,0.0,1.3956675347153722,0.005907341669322921,3.0677370108206015,65.63627137910542,16.956683700724867,22.349786869969925,22.773374718549974
ISIC_0009874,0.0,1.039702950943204,0.0025439083383796066,2.0816220567913413,7.444739523892984,22.620021547798185,17.204833772718732,22.600664623310408
ISIC_0012335,0.0,1.7323393681432973,0.002975704536487978,2.8004691254519947,48.46669942435764,5.173563394633904,25.624712907812423,10.682797213780262
ISIC_0012442,0.0,1.6460774407976226,0.003237762951122736,3.1653668813764675,5.085765554900037,15.13286250498087,18.36723497674375,13.416618908355694
ISIC_0012722,0.0,6.715374023065305,0.031087037535268144,3.0095230525361183,4.459143243900654,6.038354571285608,19.599061221275672,22.593397358943577
ISIC_0010193,0.0,0.8406662813568596,0.011601505300062648,2.906588830310965,47.9841350556105,3.8741732341812147,21.24952152141508,7.7068907123093595
ISIC_0012721,0.0,1.711949985101525,0.00027425418099113796,3.2804715605194947,52.50430973677584,14.23302075793633,24.833928970197466,4.619462009368533
ISIC_0000321,0.0,0.8613812158960185,0.00028477413460630224,2.507117385933449,1.534057687458791,6.245292059877619,16.45839420356983,22.664371901891144
ISIC_0010598,0.0,1.4225641203395665,0.004510544922589297,3.576979232387726,4.177650223306627,11.946908852668852,25.748825032447556,15.278659304541236
ISIC_0000015,0.0,3.4847783442684346,0.01855379233339334,3.3193908924699214,108.70706010116466,22.854381297508386,23.16598005663645,18.342162396874727
ISIC_0010606,0.0,1.7109349598955013,0.009855828458658367,3.477754400558615,5.139930530627687,14.975246315117511,29.71326371501348,24.87002037076362
ISIC_0002438,0.0,4.109694455988203,0.001958328551527344,3.630220433211865,2.33304829924607,6.551727867056636,31.966707220002704,71.7482764830073
ISIC_0012378,0.0,1.705251626496977,0.013351911854031822,3.5758120685936743,3.5678511040268868,8.691249385969574,20.894508407396163,10.467332125889186
ISIC_0015974,0.0,3.9676581121315624,0.006087580884380858,2.8929669596716416,24.741781180092808,8.310433262598028,25.728765983504754,6.316445657673611
ISIC_0010341,0.0,0.9796208177064302,0.02430686768612895,2.626438388746912,5.5439443617058695,21.382481901892657,21.010856994266977,30.82419849220672
ISIC_0000011,0.0,1.4562895257828259,0.003333545661082447,3.5567978449929307,25.22676015192558,17.652340394947664,20.526502670750453,13.402445618131587
ISIC_0010077,0.0,1.614621181178116,0.007124102055982165,2.9028226694243098,1.604786287303225,10.625905065415045,23.90140400306458,7.659994553376912
ISIC_0000081,0.0,3.030542780618752,0.002719450760108778,3.36619630314019,2.7816558650671928,8.841765218491117,30.09932692803015,6.683604104323649
ISIC_0002829,0.0,0.8881955760340202,0.014422971915649873,2.5552648983945097,1.5706736737252964,13.018643286555257,18.506866609259767,9.01683864566602
ISIC_0010063,0.0,0.6349009650901611,0.01136783200646129,3.3664593212380396,4.3586344287659085,11.233008921306368,8.117040932388232,7.330192477550696
ISIC_0013526,0.0,1.402079834715582,0.002070593278893518,4.057378867438149,4.093515013325086,21.764110257851662,22.830182275461215,24.554092955011456
ISIC_0000079,0.0,2.509717397914312,0.0105716743849676,2.751611284014935,153.57735637090965,17.63923769241816,22.289979879409543,15.259723235431757
ISIC_0013487,0.0,2.462595982447265,0.012204892278538392,3.0708998906517375,2.813853371329185,18.035215210725067,26.98908410520478,22.38573935761515
ISIC_0015973,0.0,0.8826709300313037,0.004352494918572336,2.6882720288673805,2.506945784396506,7.952386930181024,15.2614015264612,5.365820025230462
ISIC_0012657,0.0,1.713907924146967,0.0016741267466768898,2.8889908276377323,2.7036318453079,14.802507453848204,20.146979546674476,11.746146064755791
ISIC_0000116,0.0,1.0591911177866766,0.040253037768691526,3.147950148260377,3.875782134282104,16.026018161409525,18.84268781130329,10.775233581080528
ISIC_0016002,0.0,11.096727425379646,0.020170762305542846,2.623896851269482,24.97517468144742,11.138251044182066,18.781371028711938,16.775653008909316
ISIC_0000538,0.0,1.8159680157953293,0.00382040700088834,3.770470074292711,6.490500497751476,20.613935602578525,23.82584804403415,37.65594661163617
ISIC_0000203,0.0,0.7388924468702088,0.00028229432966327296,2.2144411764371306,2.3585190643117566,15.940968139940084,14.199682501021394,16.393291940025975
ISIC_0002206,0.0,0.8268795242042032,0.0035993899109258375,2.3760484607273673,1.6945957920949666,9.621838906447806,19.043393656154255,1.921487776865817
ISIC_0004110,0.0,0.9193367456501208,0.007421016383018418,2.5285377101794873,3.0720918858231467,19.585161687854757,18.120403005063597,12.776109161202413
ISIC_0013047,0.0,1.66144835625092,0.00620056688785553,3.357811431392347,3.4180573128203173,12.414715663326339,17.918726834727078,19.475306892051876
ISIC_0009976,0.0,0.941333039656453,0.008734116147828801,2.861037844218111,3.5834361212471166,11.731851849878584,13.373702446146197,6.315294932941981
ISIC_0015937,0.0,2.706950255519311,0.0006901155094975733,3.60481805608399,2.0192511760546967,15.85899837325769,29.239416860354623,7.247076548405573
ISIC_0011386,0.0,0.8951017473689097,0.014449263694305124,2.7366771124504066,22.375438240916395,13.830974529339645,21.58419948627934,39.30986683194324
ISIC_0013233,0.0,2.6779873992551777,0.033348237573589685,3.1643897639988325,3.2740088890969274,11.569530341102979,18.589942068033164,19.797396442698126
ISIC_0015942,0.0,2.515590768093708,0.009488758582656586,3.7401599281035427,4.058435511241049,20.534977510232064,22.848075433218284,23.4788707139451
ISIC_0010473,0.0,2.764141927549795,0.0011126817510789878,3.482161392976214,53.36427117104179,9.484796206912208,24.580245794798355,21.83758599531175
ISIC_0010370,0.0,0.7983191652851318,0.0033097978059174788,2.6594488314056814,81.25636483111433,9.281024616099577,22.462095830587913,8.292596409271667
ISIC_0011155,0.0,0.9657853777081812,0.012260349457828477,2.242470009853156,88.68726233867656,7.001499582766389,16.171228926377896,15.216375817925837
ISIC_0012713,0.0,2.305497093861379,0.07851409356210506,3.3055211819806454,1.7607723546955036,14.498332603028311,26.45784535272277,8.434681049337797
ISIC_0000361,0.0,0.9705354996712211,0.0015973320434491552,3.4694349192311695,2.892164165407377,12.807809506929317,21.365651152031347,27.03186943732794
ISIC_0000263,0.0,1.591147543139817,0.0010975242825665098,3.795248121926556,9.126656941852394,33.98279892273257,30.363751125329742,35.162629721940185
ISIC_0011347,0.0,0.6697479315098338,0.0307395172520859,2.6495694387606323,3.5387213662852974,8.229128991149478,16.90882725464199,9.312927442797516
ISIC_0010444,0.0,3.2087788399227577,0.021986017525544906,3.0019128946990428,5.2884196076413,14.081512990432358,21.053384570532074,12.340927068501813
ISIC_0011157,0.0,1.5494767475830329,0.0030940129598278697,3.8943697667645343,5.650460359200446,15.435841188557804,26.0274679845204,15.77859903039419
ISIC_0012284,0.0,1.9439142719059808,0.026994081592991798,3.324058569595165,4.616055213758725,15.960425499203714,24.684771161359677,10.70296171940371
ISIC_0011304,0.0,2.2466247676948305,0.014394442942014342,4.326646538377138,7.137918648298493,12.45621883982238,20.864967033082277,22.09994288391549
ISIC_0010460,0.0,0.8588404462682777,0.014603897724793239,3.1697553468279684,4.101390952281608,5.187698887195511,13.581383513262997,6.421051896399952
ISIC_0002948,0.0,3.663002483823658,0.01636264146249022,3.4101202903386287,1.3983508254381183,10.962687007918866,35.50840322794466,4.588968833582953
ISIC_0000546,0.0,2.1644892100872672,0.021699581573042793,3.6065741605213733,1.6305389372719985,13.122762291155304,28.257370548934716,11.64835560184791
ISIC_0000071,0.0,1.3265635160605256,0.015364317565565671,3.024596486538412,115.68174612287788,12.15175990574525,17.832454145692818,3.8230924427799238
ISIC_0011119,0.0,1.5302373004813332,3.913205110645874e-05,3.534628769573536,8.40104196550931,12.204059198157925,24.301237576238474,20.674126865209523
ISIC_0015986,0.0,22.016231497628656,0.025049471892635813,3.7691156516292303,2.0118089130949315,11.393913969236499,30.84321562819729,11.10967527752392
ISIC_0011328,0.0,2.7240438440087047,0.02059663842432815,3.970124067096048,4.3004607880840595,8.693177374163835,28.561898596145102,10.01527032986857
ISIC_0010187,0.0,2.5417279681463354,0.04673201826320627,3.351788205813011,11.098152662830758,16.979645652012426,24.82607025871823,18.80888330312598
ISIC_0010062,0.0,0.8574832040632533,0.008526927646337203,2.399069416551987,4.242680041473044,11.258247982828848,14.864385791479496,8.04670863340938
ISIC_0000382,0.0,1.2362010360278723,0.03839112501339782,2.4532706080278253,160.04322580007832,9.831271134939074,21.892917653285913,4.669386837729675
ISIC_0010362,0.0,1.2531786988619655,0.007835121972597718,3.8527176439239654,7.938297103005306,17.89690897924703,26.61762046545916,35.17137749545833
ISIC_0013523,0.0,1.6879028175055484,0.0024981447169763415,3.1266740965288213,4.348740937820857,15.461640991409375,16.587475108352,17.563865723034468
ISIC_0010206,0.0,1.8583065595109263,0.009546374994834213,3.2825963892708776,8.488109227529193,16.731732312225166,30.36129202340366,42.41231616265874
ISIC_0009888,0.0,2.9371136580414188,0.0016695597722843041,3.486661699637105,5.351538867611921,12.8711059672868,28.905414506083716,8.627009396697403
ISIC_0010246,0.0,2.714160110971533,0.010931704732424217,4.695275859750924,52.67514758476542,8.56365575115694,25.34120255227963,13.566945642318878
ISIC_0009870,0.0,0.9095043818340816,0.008674462439639987,4.109142262108351,5.746863254347937,16.574942095505403,17.956140846597943,19.023739764104867
ISIC_0010494,0.0,0.8949435957553016,0.003980423386949577,2.765403195729279,86.15611864516734,10.414703075371444,23.919576182617554,41.24181283513616
ISIC_0012709,0.0,2.2430475973706425,0.002731332455830157,2.4783398484141013,4.4384589214829475,14.315793661062933,25.140398781690692,9.638967420089052
ISIC_0010854,0.0,0.9299399381915936,0.0005324313320179148,2.5946599929640852,24.47933579486389,9.48100925066052,15.72224179707851,8.961492571118228
ISIC_0010479,0.0,0.8953698316422658,0.021166044049651552,2.6688624207976885,3.9295952952593707,8.333454814699238,19.426875648552713,3.3488996088320846
ISIC_0012949,0.0,1.6131689565291283,0.00046203905367292464,2.3306455172082923,3.351496761210513,16.03842144854473,17.866064289562807,9.845801519372998
ISIC_0012311,0.0,0.9617188376915045,0.014707738636652293,2.4659308886439844,3.0166210564951954,9.91884975460337,19.17186193824166,1.9745680787391535
ISIC_0010057,0.0,0.5881350880346013,0.0036564323383271435,3.1195775916636146,6.240324844722337,13.506391860677006,13.81808421913812,2.986824075406261
ISIC_0012179,0.0,4.270861013966523,0.00796225547488587,4.0039207182475085,154.07644471912482,5.92850444558023,29.327417882993892,63.29862243896443
ISIC_0010567,0.0,2.6400110953095517,0.0070753960645637895,3.327342406531609,6.487550033449517,16.073117840841967,25.840298372457536,20.674746046411087
ISIC_0009430,0.0,0.8240161698203086,0.0021906976134255084,2.8353878441577005,1.5307470671530288,12.09597693198643,18.45410772095452,8.380534605625073
ISIC_0010448,0.0,0.8433386120737385,0.0007391104645496176,2.7459606491438326,3.72020811981984,7.654996990847311,13.9630671647664,4.201469756930749
ISIC_0000243,0.0,2.340236810519722,0.001205927439959121,3.1381934844260813,152.8093900581392,11.795034316028788,21.613167097865336,13.198113587264274
ISIC_0010021,0.0,0.8888457458888556,0.023082004660184195,2.719029416236461,5.137478031505585,17.636207671480122,14.184947502373925,14.811565281148617
ISIC_0011310,0.0,0.8710062790913806,0.010027435585183032,2.6055406639254595,40.625406151477904,12.11465593523735,18.484557287286606,5.56272242065009
ISIC_0012175,0.0,1.9351441398797637,0.000356835371705786,3.226804523032302,3.5097172489109236,15.800053522485076,25.765474191492928,7.399953003016648
ISIC_0009885,0.0,1.4645505934693082,0.009467871663298254,3.2419330864216023,50.68312530767276,14.856442187512734,21.73447341778411,26.607519686149296
ISIC_0001960,0.0,15.108320327003952,0.004929098930361387,3.1834306563594046,1.0435252798933263,4.428120579168674,29.40012679167801,59.008697633729604
ISIC_0016038,0.0,3.6794454102190826,0.002540394134678248,3.34964346308373,3.4666975876943043,15.361876094035738,26.25718341614992,23.711778273088477
ISIC_0000179,0.0,4.27190811788627,0.03500455505809136,2.8627715018378437,120.09878282102979,10.722801505654804,36.58765729047236,49.7551643753863
ISIC_0012221,0.0,1.514549228937526,0.014444501666379658,2.204936368057013,23.7884241617554,12.442937816661933,15.26979906985614,14.841799694282528
ISIC_0011085,0.0,0.8936791726274536,0.0025209328298509202,2.92980025624744,155.2477205000251,13.416922962569704,21.825082390755533,36.70277382256838
ISIC_0000507,0.0,1.251977211597469,0.017129842253673665,3.2150589759266697,3.3030891667579954,16.443554219060523,20.720431710112116,11.996497739234165
ISIC_0000372,0.0,0.8840353729633538,0.0040078322841325485,2.155868231944173,3.592044248454791,16.82322351324272,14.662288821998988,2.866862707935354
ISIC_0000016,0.0,1.062777438471629,0.0040908988375487915,3.045231470932583,149.33038307356813,9.598548155818484,14.259586203186274,20.152095850485658
ISIC_0000467,0.0,1.3352915191504542,0.0003135389672274813,3.6721732173377366,5.089655990571147,21.72154663354524,19.847681197521958,22.72160416390382
ISIC_0000508,0.0,2.1664542362051393,0.006639010054577928,3.142189507269113,2.207721209871821,11.344128788783983,30.08044012542499,10.569167357085107
