image_id,melanoma,compactness,assymetry,border_irr,color_spread
ISIC_0000002,1,1.7454727194741841,0.020721290476583866,0.04753437369304346,24.557710152893378
ISIC_0000004,1,0.8991675145647051,0.005930436238070031,0.05316498633614452,37.2001795075343
ISIC_0000013,1,1.4813667687013703,0.005155886549297206,0.0704818257806513,88.01469836133651
ISIC_0000022,1,1.046308873273329,0.00816402296794824,0.045587385317558994,30.56093807799897
ISIC_0000026,1,0.9345561620047423,0.0008857248777966291,0.04114122898125206,16.559673544990318
ISIC_0000029,1,2.0390020657092824,0.00022347165602772275,0.07321671355853292,51.222130799582494
ISIC_0000030,1,0.8920230047257723,0.0021701614152274977,0.05369595988834391,98.6353905337271
ISIC_0000031,1,1.0213890485379502,0.0402594529987265,0.039198582775024624,54.78629647125442
ISIC_0000035,1,1.7919005601558509,0.009975842121410047,0.06283983953433746,42.804858292665884
ISIC_0000036,1,1.0622534895435432,0.0252222445726089,0.04609087782464405,96.21848684147481
ISIC_0000040,1,0.8912202202957556,0.040146568942080234,0.045664325040921695,70.05193268310833
ISIC_0000043,1,1.002846204065812,0.0019321708930773861,0.05099633695356493,50.30107324202807
ISIC_0000046,1,2.4023724913379487,0.0020703869673937263,0.061005482268150314,44.883422980973705
ISIC_0000049,1,0.8853548735472948,0.006369907172116796,0.04479090803731022,36.75162812611882
ISIC_0000054,1,2.198875680638787,0.007626983474612738,0.06447572496120779,36.015724588087664
ISIC_0000056,1,0.962543753698746,0.019334200820592527,0.048451046661855256,24.747614700232845
ISIC_0000074,1,1.557792939918416,0.026776132280835627,0.04823821702343798,89.4456274903236
ISIC_0000077,1,0.9077519760648068,0.01041809888639073,0.04824196367203282,10.118883611274327
ISIC_0000078,1,1.5944793752414135,0.02591169335835423,0.047598890888971096,21.65656089395077
ISIC_0000139,1,0.9218533724971947,0.009601437605797354,0.05509478142484405,58.722914335193735
ISIC_0000140,1,0.9226188510618737,0.01856486922787955,0.04453383383711271,81.85550496995526
ISIC_0000141,1,8.104246569325154,0.015798553526385956,0.06991819100727845,99.37109535784653
ISIC_0000142,1,0.8455005118458109,0.01049373694578608,0.0574889009657712,98.85788284575786
ISIC_0000143,1,0.9127423778738617,0.02040858053356447,0.04101623445492406,51.14665999998701
ISIC_0000145,1,1.2278262941897673,0.0017482138498949367,0.06281465093852122,25.49747222322955
ISIC_0000146,1,0.9020958734941731,0.0029384428242436446,0.053189288329004096,35.989927166230274
ISIC_0000147,1,0.8683496328524131,0.0035921927855656678,0.05418600624205849,61.64747590565128
ISIC_0000148,1,0.9839831510836006,0.02464433206000255,0.04818354030166518,77.46177686403826
ISIC_0000149,1,0.8638632356363843,0.0008255182403967468,0.061459932839198865,28.37776048571547
ISIC_0000150,1,1.2020939568535385,0.0581769011174353,0.05920831544780088,53.8172777715526
ISIC_0000151,1,1.0661528587779725,0.006815194323706682,0.044736073953362175,74.96269114358637
ISIC_0000152,1,1.7830703855264634,0.0035190030674310275,0.06082632394379466,75.54974301868648
ISIC_0000153,1,2.0715868109354485,0.0005307808046158879,0.06724774592609105,22.09740191739604
ISIC_0000154,1,1.5688039881459366,0.01443283133108467,0.0603399369983316,27.827240532348696
ISIC_0000155,1,0.8530679258550101,0.005081179500210192,0.052847951727277895,68.51450228937287
ISIC_0000156,1,1.0869916982994718,0.05159283221909711,0.03867567719234649,65.71863823071767
ISIC_0000157,1,0.9477517891348529,0.0033785361178071955,0.05123169634623098,88.59809345816662
ISIC_0000159,1,0.935246034350093,0.0021997766190259087,0.04924165398197738,118.64911080711353
ISIC_0000160,1,1.0123888493714808,0.00805979884410553,0.05243902275317423,28.720002681744035
ISIC_0000161,1,1.140369871106712,0.015785980198725843,0.05327139896190516,130.41314360496386
ISIC_0000162,1,0.9326888305498016,0.0036729760493798185,0.05990832101306778,21.41676601839208
ISIC_0000163,1,1.0366159064108116,0.009345187877214615,0.04655144889335155,109.58177239012123
ISIC_0000164,1,0.967403533477365,0.04405955349074858,0.04785358168135047,98.5198266019573
ISIC_0000165,1,2.414853752879469,0.03564163367588767,0.06910295875610725,109.17232811453617
ISIC_0000166,1,2.158792843238505,0.016632620278102445,0.0658709962417227,102.229468716301
ISIC_0000167,1,1.1092128540753448,0.06275477406698322,0.044561785775553205,56.20156312536608
ISIC_0000169,1,1.1694819068539937,0.02924666043947075,0.06128657932780937,55.87479494328795
ISIC_0000171,1,1.1078532620996624,0.0011288331438148464,0.05305137431519934,40.58620366259018
ISIC_0000172,1,3.205833862954072,0.01102127622934587,0.07693186587694636,88.95528961512903
ISIC_0000174,1,1.1667983473450025,0.028481207175016003,0.03459264995360114,65.05185960721201
ISIC_0000176,1,2.986505117018712,0.0010585861259055874,0.06116433333414764,51.094438039892054
ISIC_0000276,1,1.2947117897014655,0.013908576805852332,0.052877396881899054,123.71711562372622
ISIC_0000277,1,0.8882845486811658,0.004531233282002831,0.05600719108585643,40.739567840158315
ISIC_0000278,1,0.9192655853037686,0.028101248288547744,0.054995670301854184,8.079173139391912
ISIC_0000281,1,0.9570343770926804,0.002130980552533621,0.05441912295112171,49.476442803650514
ISIC_0000282,1,0.9479999644857621,0.003485975924793187,0.046018617201083745,21.853473141238624
ISIC_0000283,1,1.822634778201935,0.005450293853526687,0.04974381033604119,114.7015134262206
ISIC_0000285,1,0.8571235564135289,0.0003633409214671701,0.045302453529815205,28.660682473673234
ISIC_0000288,1,0.9900682413380795,0.009865449225971355,0.048773738660754844,33.41191200662831
ISIC_0000289,1,0.921990556239471,0.012206670559430014,0.04837335497535396,84.71691099012818
ISIC_0000290,1,1.0892204141968627,0.006738893011978564,0.047994583309054505,44.80940985646565
ISIC_0000292,1,1.0354476433674882,0.006937401591892948,0.05153596649856865,25.196308679325455
ISIC_0000293,1,0.7336081408118766,0.021496634930372238,0.053042249745509217,53.90738694349403
ISIC_0000294,1,1.1067611415422196,0.012453146516474327,0.04478040608181808,16.389619705850578
ISIC_0000295,1,1.1372850359234163,0.02789476327598095,0.052808223624356866,51.83661718645895
ISIC_0000297,1,0.8596351183334835,0.0009755707580295198,0.06314487179487178,88.63394995210729
ISIC_0000298,1,6.149833030769805,0.0034578696343402224,0.07249891211961226,37.372634073369525
ISIC_0000299,1,0.956025003738658,0.0011008012151115121,0.04544245033161662,49.15029957111439
ISIC_0000300,1,0.9950363982536524,0.033492278307676315,0.053835846913722334,66.89937152410522
ISIC_0000301,1,0.5576987377182953,0.0145191615447402,0.044010764023368565,26.429075860347496
ISIC_0000302,1,1.1656678317397804,0.06717699113852842,0.04682701235704446,80.6875069479655
ISIC_0000303,1,0.8630864671352525,0.004957595028685264,0.044374275879220874,73.94388730075289
ISIC_0000306,1,3.8085850740074436,0.02332237921655178,0.06697999962987175,41.45145525888606
ISIC_0000307,1,1.0615041713795301,0.014129104414675998,0.04498201979304767,48.19547508401507
ISIC_0000310,1,0.9265636844906322,0.001437245477071498,0.047914206217525075,37.553891975753714
ISIC_0000311,1,0.9355360896097483,0.0013710803463374056,0.05279262261159895,38.070402163527774
ISIC_0000313,1,0.8525431963045842,0.0074177190016903646,0.04678105885342728,34.21266616637206
ISIC_0000314,1,2.156779774417006,0.01721087229006251,0.07822019743205369,82.41559144272793
ISIC_0000390,1,1.015088578970808,0.028157845200293963,0.05299637878446735,80.26856127114584
ISIC_0000393,1,0.9619434946348286,0.007281584127915413,0.04917289168191218,15.210484017964347
ISIC_0000395,1,0.8613577345218126,0.011220521955283409,0.054643047098583954,21.3655550229046
ISIC_0000410,1,4.48076770612328,0.05068845125665018,0.061357512050114256,166.4016227924575
ISIC_0000412,1,1.713669230303732,0.019608209294500776,0.048751827854805814,21.64503980073411
ISIC_0000413,1,1.317821849253236,0.013890191622274247,0.049521593486913866,16.134360336309385
ISIC_0000415,1,10.825995324025508,0.04164995403853536,0.05692630485936398,198.40540430637316
ISIC_0000420,1,1.23402874214551,0.001218847231939435,0.04892161722644066,32.8010629206434
ISIC_0000434,1,1.1216842596491634,0.015651943514812493,0.051756204714286186,26.542652349810794
ISIC_0000444,1,4.316516529621488,0.013386728061402783,0.07184276525521181,60.605740819617836
ISIC_0000445,1,0.8931242216764227,0.009453076716850726,0.05039432272131179,31.814448489681496
ISIC_0000463,1,0.9262461890847351,0.0032343352830003684,0.06206674033408211,51.30293833525812
ISIC_0000466,1,3.730371935739341,0.0008605209491663949,0.053965691649759055,32.199216517413106
ISIC_0000469,1,5.695240876212416,0.025540292271214026,0.062098898245974504,39.28842480375998
ISIC_0000482,1,2.295360526499776,0.0021723249576473215,0.06567497796803645,75.07539937079514
ISIC_0000484,1,1.1944050677568359,0.044439198635981704,0.04659242062539608,16.791657526801032
ISIC_0000487,1,0.9065143527566101,0.007405981818609703,0.05057320389943701,10.354159979257275
ISIC_0000511,1,4.387777735443152,0.00455969407614722,0.0552200961816603,37.48262896535368
ISIC_0000513,1,0.978381847828285,0.01103898108044156,0.05542295952256014,17.334983853674203
ISIC_0000516,1,1.2221433727382431,0.014757758915388363,0.05088832671321697,28.443921419821066
ISIC_0000517,1,1.1600611564952363,0.007042691102818941,0.03818244212091004,19.98645560217372
ISIC_0000518,1,0.9160577883778769,0.0340454789088684,0.05279484431725517,86.88142779975084
ISIC_0000519,1,1.0433797994229113,0.01321737858196037,0.05354644677702349,29.39115755345682
ISIC_0000520,1,0.8922328459001131,0.008989178756288789,0.04474543128561265,23.62734034738449
ISIC_0000521,1,1.058426757889036,0.013871008928623666,0.04605619696828945,30.893901602100186
ISIC_0000522,1,7.1429550014143866,0.030424391381109042,0.06076061843590457,36.49088795557748
ISIC_0000531,1,3.59176358060256,0.060177469773692926,0.056491345651369936,24.185576664451588
ISIC_0000533,1,0.9423399769889653,0.010477644436317955,0.060450569613052625,37.93344797348436
ISIC_0000547,1,1.1321001121430425,0.06814845779137724,0.041805874350309455,9.821443278352348
ISIC_0000548,1,2.713515654958808,0.035334168613316425,0.05343404508402054,14.33250343263316
ISIC_0000549,1,1.0875302358485242,0.011415731326523017,0.054634419434479754,31.12500490076394
ISIC_0000550,1,2.3199502808864327,0.01590167244752082,0.06642854266746491,50.10161835078817
ISIC_0000551,1,3.425142184360012,0.007068268453328153,0.06671529284710634,8.98938510238159
ISIC_0000552,1,1.878777942519687,0.01762465471891999,0.06847534647265337,69.05840487731226
ISIC_0000554,1,3.1922811664063446,0.00018522017224136602,0.05769721470595924,31.311233297060824
ISIC_0000555,1,2.383807089579712,0.005189309929754361,0.07339332381567591,12.360142802108243
ISIC_0001100,1,1.0622891158681709,0.044769285632741,0.0476361503207208,63.57787688368036
ISIC_0001102,1,2.137887736954445,0.009640383558258893,0.06203864808135797,67.66644209477283
ISIC_0001103,1,35.28494225959156,0.03921727900908961,0.07110282686633278,81.82561427028307
ISIC_0001105,1,0.8397890143939044,0.007533388909292688,0.05263397733149827,28.231368326747827
ISIC_0001118,1,1.0240000314732165,0.00450716401199777,0.05311780278371041,57.59864565649087
ISIC_0001119,1,1.0738450706793286,0.009147035971008436,0.058372525045328014,47.20957293350625
ISIC_0001126,1,1.231655971038846,0.05718662453617385,0.03722506007920621,15.560846015931986
ISIC_0001128,1,0.914249749393586,0.0065086778048192295,0.046030140932918115,46.25337646470639
ISIC_0001131,1,1.2477477830927954,0.0019531153466594397,0.047394607969643926,82.17089282367746
ISIC_0001133,1,0.9044838965684061,0.0012307434891877405,0.05707543638025725,41.36015489850121
ISIC_0001134,1,0.9550600414967,0.014681813138038171,0.04723656762501599,59.293108468718216
ISIC_0001140,1,1.881810466106486,0.005234885673884775,0.06250654663348641,46.26531878376185
ISIC_0001142,1,1.1068805467078637,0.021983914981254727,0.05846683362278744,12.795801955626615
ISIC_0001148,1,2.4926753094255805,0.012207832413188175,0.05883195761143785,29.631020045156077
ISIC_0001152,1,1.363560335233251,0.01736282929778099,0.05172123670404182,47.930955526452436
ISIC_0009868,1,0.9406165038771157,0.006830476141193289,0.04800712206203629,40.17680026640812
ISIC_0009882,1,1.7123976308410866,0.001334170073127976,0.07816894869965985,49.04048377702401
ISIC_0009897,1,1.608269626874296,0.023450565216269082,0.06041637847404093,29.24147867170666
ISIC_0009898,1,0.9887738723729589,0.04360566421119715,0.05320986926663299,42.58956139731606
ISIC_0009905,1,3.4258257081668404,0.0036634132719410924,0.06112088395933986,92.4059427379345
ISIC_0009910,1,1.1580090071536557,0.012651284475091645,0.03913390633218038,43.289040015218404
ISIC_0009918,1,0.887099001747946,0.028150963029918243,0.051311110652109825,61.399362233575005
ISIC_0009950,1,0.8867697655756737,0.0006728793688981467,0.057772454689870786,37.35327373532118
ISIC_0009955,1,1.010379468706817,0.01098502826077577,0.0495544699089802,17.436935976515144
ISIC_0009960,1,1.4589000136539798,0.012534896855736557,0.05444121564709801,55.5272085958984
ISIC_0009971,1,2.1168820581128878,0.010622770029192345,0.05100358527818482,28.673025572304937
ISIC_0009993,1,2.341905417951065,0.002218330414477525,0.06582809124752677,48.36440673333726
ISIC_0010000,1,2.554815982690269,0.0014834062910818165,0.05782876290159085,26.620072270607636
ISIC_0010011,1,0.8942026596845655,0.011314219664568295,0.05028225489951769,7.756836548006646
ISIC_0010016,1,0.9603633902286095,0.016182507104515315,0.04624801952433532,58.164923697744
ISIC_0010024,1,0.9635599736688923,0.027562081623839343,0.034380384108644975,23.82192059768863
ISIC_0010029,1,0.8935346049154671,0.04940403678289657,0.04192009587707077,6.955133332124916
ISIC_0010034,1,1.9196831369903082,0.0029695698165192424,0.06270272631842175,52.66392326869416
ISIC_0010036,1,2.8130807652811916,0.016701365545688376,0.05775495073869017,24.54600800564961
ISIC_0010054,1,0.9663767461265258,0.01622687161094285,0.046987399814927236,9.519514368258626
ISIC_0010067,1,1.2071671046615795,0.004872092605671738,0.03728292553032891,35.874065050636005
ISIC_0010080,1,1.8972444378380466,0.0018901918639567595,0.0637243409964513,46.652741766014586
ISIC_0010081,1,0.8951254168584156,0.003500929336847658,0.05425897172473738,17.297234349062876
ISIC_0010089,1,1.2244700156274924,0.030850568777008258,0.07588984103346735,52.147290346270665
ISIC_0010094,1,2.360281472098072,0.0114543690287822,0.07102989392820612,74.78386936897405
ISIC_0010171,1,0.9070084351403042,0.019288140973491102,0.051411385885960045,13.302551158503803
ISIC_0010174,1,0.8487291109239121,0.014326937441094896,0.053071709367762065,24.55436840243769
ISIC_0010194,1,0.8863981254839381,0.0033450647087621952,0.05525176376633716,48.342459909505976
ISIC_0010207,1,2.5567490406059887,0.06190317829825645,0.05993217625578356,24.459611024937374
ISIC_0010225,1,2.6395057791458796,0.0012066100027540532,0.06618924123975013,36.0621586723951
ISIC_0010231,1,1.41490537350857,0.0021727910471413016,0.04237585921250116,13.087224604474102
ISIC_0010240,1,4.305394377304785,0.04861568465254248,0.05638330830673009,119.32430572988794
ISIC_0010241,1,1.5844686256564122,0.026173420678143183,0.06163384478049723,9.444268951842929
ISIC_0010251,1,1.1069230884594865,0.02732659985354731,0.06740736628352727,62.433913223568396
ISIC_0010265,1,3.1484241805576336,0.012012251964309495,0.06171932458743402,56.75927544960872
ISIC_0010267,1,1.1117225741229277,0.028207993532894268,0.04407274719242741,17.019873791786722
ISIC_0010329,1,0.4405497317989598,0.005678505778235243,0.04111653553964337,45.86842949816011
ISIC_0010350,1,3.6039908236149616,0.013708317591093816,0.07186056857650491,73.1902821369788
ISIC_0010358,1,0.9256515083683665,0.004483384136814705,0.048341860911289884,53.89970616335995
ISIC_0010360,1,1.0000214052292913,0.0032313114513106925,0.03708107653240583,29.903258139636648
ISIC_0010364,1,2.145605511473535,0.010830252124483545,0.06413413243088664,42.29926761971734
ISIC_0010372,1,5.0654989746118035,0.005731185907764946,0.06083609423748623,44.07947692041276
ISIC_0010379,1,0.8561747312311846,0.045319896447186044,0.05230756586751383,10.63711606497671
ISIC_0010441,1,0.8713513251157835,0.013297771750433566,0.0654192295380544,15.696696413608194
ISIC_0010466,1,1.9205753436117945,0.021019320042851338,0.058858656145695944,28.942535163665298
ISIC_0010468,1,3.744499297836368,0.0045084817277564635,0.058832412320064635,59.86973940380318
ISIC_0010476,1,3.4977117252116274,0.006631182972489151,0.061030814997085986,26.00835474502651
ISIC_0010587,1,1.3849960412813975,0.010917506354653352,0.06449433506001312,75.54573841459089
ISIC_0010591,1,0.9320695204281548,0.013187422779192617,0.05813029824389235,20.949482066389095
ISIC_0010596,1,1.0325831458169303,0.02069663865946325,0.04431611796928218,46.91950203852355
ISIC_0010597,1,0.959107212153444,0.011715612430198964,0.040295722236197325,61.202430855044724
ISIC_0010852,1,1.5071376553156723,0.002321944747192342,0.06405641390241003,66.93814479404836
ISIC_0010860,1,1.6091588799637442,0.012073046331460693,0.06026660516868974,41.49898420298646
ISIC_0010862,1,0.9030768353707241,0.005628742423381559,0.06043711452678057,37.197314229706876
ISIC_0010863,1,1.0467929861116112,0.008123456465826318,0.04790648682938976,48.53857573193679
ISIC_0011095,1,0.981134796772868,0.05526874247581503,0.05384741564554871,56.20605795445641
ISIC_0011099,1,1.1593532019908352,0.010226470331371118,0.03815309916388628,37.990915945472835
ISIC_0011112,1,0.9909804043665825,0.004948352233075215,0.046799865368775506,78.16139058278931
ISIC_0011118,1,2.2941788380643833,0.01819288003594643,0.051916226550926675,9.913094063294068
ISIC_0011121,1,0.33736088976136935,0.013252760508274862,0.024331462712361893,29.447019302173857
ISIC_0011126,1,0.8804378217733646,0.012297900525566488,0.044468706618006185,71.55852304823944
ISIC_0011130,1,3.125331537295499,0.03469701498911047,0.046384852856777944,32.73120232543758
ISIC_0011132,1,0.8295865106299057,0.003517503446884353,0.06410889665744166,28.30229322975555
ISIC_0011135,1,2.1595268112832047,0.014047098173068156,0.06316616413277791,61.91060583847488
ISIC_0011136,1,0.9574630794953607,0.05221251770853996,0.05244374567239924,17.060132817858687
ISIC_0011137,1,1.8016839095857684,0.016982334304039174,0.06590560656883533,27.652676042105952
ISIC_0011140,1,1.7201030657278331,0.003269823649810763,0.045750105891567756,46.41027393661666
ISIC_0011158,1,0.680637547039969,0.010584761149079793,0.043193052860914224,26.6673243966479
ISIC_0011161,1,1.0670390556475122,0.013620619091825633,0.046007425631977295,10.793832164094965
ISIC_0011163,1,0.9428118474527843,0.02001183863483286,0.053160380522071185,53.697211921172624
ISIC_0011166,1,3.331752273689477,0.018975638544865073,0.06272310287175294,27.1481452969183
ISIC_0011169,1,0.9343265258733797,0.012672450424462672,0.04536071612819492,26.788534237987875
ISIC_0011176,1,2.120234404083179,0.033126214722635924,0.06433433100276295,69.67128254675677
ISIC_0011210,1,0.9515056775528498,0.009142272957875635,0.059131190704720116,51.19473625980835
ISIC_0011305,1,2.7596353536821274,0.006397615064026269,0.0677157354385227,37.938392070352336
ISIC_0011315,1,0.9729966946032534,0.009354272686399103,0.03962765199938695,25.416048470139174
ISIC_0011344,1,0.8653473120579719,0.0028460224912696336,0.04953024753796597,10.657115335370463
ISIC_0011348,1,0.9006045524642086,0.010209035783524244,0.05059966588878946,25.1816092991358
ISIC_0011349,1,1.0956784581223287,0.0013496190013615626,0.0455679334802533,33.71604513560487
ISIC_0011366,1,0.9204201604144547,0.0016251371341671763,0.049667587555031166,23.425720698660825
ISIC_0011387,1,1.8296880830317586,0.03547701308520107,0.06141677342147259,26.006606506184852
ISIC_0012137,1,1.114690390088094,0.0048290892886757265,0.0456432864299346,54.926483366599484
ISIC_0012208,1,1.532686397817523,0.01183530748986679,0.0553585831185155,27.87429665923554
ISIC_0012290,1,1.7284080595762135,0.003855727051228521,0.07335294917137357,32.89604080057214
ISIC_0012298,1,1.721832688292144,0.009947796581939805,0.05576108751437424,16.00375135013408
ISIC_0012348,1,1.0782812730957458,0.016845531985672315,0.0464312915916031,12.37879072175545
ISIC_0012382,1,1.6709069145461057,0.008687199436215568,0.0575457937997385,30.836230021481654
ISIC_0012391,1,4.094216408686739,0.005881219920413768,0.04716744808675952,37.54061208527219
ISIC_0012435,1,1.5782350322285879,0.0068670784307683,0.059561875565028774,8.898176821118113
ISIC_0012450,1,1.7378647755722383,0.007429532106503061,0.04165905322087962,32.46696369935047
ISIC_0012512,1,1.209322888714412,0.03882547505941981,0.051197935157495315,59.60452898444268
ISIC_0012678,1,1.8916358365457109,0.010187866153811504,0.05942215862091767,19.20010792246464
ISIC_0012701,1,1.8455592570103836,0.006858597230446804,0.04814390895474774,41.06154741474853
ISIC_0012715,1,1.2856631578192284,0.009248396834690779,0.052656142475677736,5.865569124548472
ISIC_0012749,1,1.3149015832877187,0.04188715629388006,0.05019175408319041,62.9601736897973
ISIC_0012756,1,1.7024688902399987,0.002264709780155286,0.059332767011595976,13.386528774824626
ISIC_0012887,1,1.7466877404070338,0.0017852719336459695,0.04395313186219376,34.18072763670932
ISIC_0012930,1,2.118719164764212,0.07579559645452247,0.050751102637688505,37.28100455221295
ISIC_0012988,1,1.762477764235389,0.0015442516070135177,0.055996215067641124,64.5639216022955
ISIC_0012990,1,1.7475489195307503,0.022444604710165683,0.04201906418791829,60.90764950803184
ISIC_0013079,1,0.8999295977200514,0.009026548300872931,0.05201554996652516,11.432009216530929
ISIC_0013141,1,0.8375309920500011,0.009397719486424453,0.06212279140111679,54.343875324905866
ISIC_0013184,1,1.7695485523637768,0.012843019743348937,0.06593481325523305,15.258623006517212
ISIC_0013198,1,1.1969478910649218,0.014990455476000393,0.06416766841874633,31.642372588169053
ISIC_0013258,1,1.678745624497512,0.0022556064965813063,0.05749981021535421,32.61303587613868
ISIC_0013334,1,0.8545751476408862,0.023735745775298335,0.05471772389054848,45.90720625069105
ISIC_0013359,1,0.9260570023411799,0.002184066690356495,0.05584642398603365,8.097392398364804
ISIC_0013365,1,1.6175648940779892,0.00028787456756243073,0.05445904928237209,4.687733657686721
ISIC_0013427,1,1.7054393104533312,0.011240254146604525,0.062168328992101715,19.05227816154965
ISIC_0013429,1,1.8249884426004879,0.00830176655928063,0.06422745227897458,31.018604441387538
ISIC_0013490,1,1.8971144278744603,0.020118838705325912,0.06339049327701742,22.456074967453404
ISIC_0013497,1,1.916734699186659,0.019988967296373412,0.05059870800912978,17.2308570895392
ISIC_0000000,0,1.2761623409720688,0.05703363709810703,0.06026515735002851,54.110801691545134
ISIC_0000001,0,1.8581842130814477,0.001664676292838273,0.07591307085235768,59.95856162990445
ISIC_0000003,0,1.4216375879993555,0.032430289446441905,0.070921205261957,72.77328977812284
ISIC_0000006,0,2.547055729794606,0.018706797034729272,0.05286713488852749,26.628634979227968
ISIC_0000007,0,1.208846202265253,0.004582673606819522,0.0535003022804984,28.87921577556878
ISIC_0000008,0,1.3956675347153722,0.005907341669322921,0.0544403652290547,58.072105532302416
ISIC_0000009,0,1.786743528416072,0.018734975630196504,0.062492137587556534,36.92813782398845
ISIC_0000010,0,1.7765747161652206,0.0060446615929092675,0.06046188334816444,45.14478323852596
ISIC_0000011,0,1.4562895257828259,0.003333545661082447,0.0556827326426392,34.17623632623554
ISIC_0000012,0,1.3631096761155024,0.002144535535448127,0.07261491622975853,40.986363636363635
ISIC_0000014,0,1.879360565981013,0.017346655504880577,0.06322198776359705,22.11556670161474
ISIC_0000015,0,3.4847783442684346,0.01855379233339334,0.06423459546138853,46.772514112030564
ISIC_0000016,0,1.062777438471629,0.0040908988375487915,0.06330500927872043,51.38784441873844
ISIC_0000017,0,2.4378493178175638,0.026911250184261264,0.06697803369480602,48.28696428091487
ISIC_0000018,0,2.455166872767169,0.021549503082599883,0.06708130360692777,29.455119557414832
ISIC_0000019,0,1.045391811765975,0.014449045856230506,0.049889471265218026,52.55863793023062
ISIC_0000020,0,3.5554740280105968,0.018638371460327215,0.05557565242928443,63.40256871902878
ISIC_0000021,0,3.928249723331008,0.023437815151294183,0.0577933665520413,28.23483455440652
ISIC_0000023,0,1.8989522443455096,0.020606769875232647,0.06182079576168813,26.496394152520125
ISIC_0000024,0,0.7922536095837931,0.008278017009750935,0.05354601814081559,7.339809861675718
ISIC_0000025,0,4.340178474860439,0.005046141342552301,0.0689159323042153,31.79166712319511
ISIC_0000027,0,2.951673569613217,0.0047566142314679274,0.05884386257764545,34.541691514051564
ISIC_0000028,0,2.650784836744784,0.0048580944305873525,0.0733659590891472,74.82908185511613
ISIC_0000032,0,0.9689159131782944,0.0015454734085559125,0.0580948626774127,16.65122051789544
ISIC_0000034,0,2.3753151014055542,0.01738650812955155,0.06773802954210667,35.05992831880481
ISIC_0000037,0,2.4592625618727246,0.041881344412532065,0.062229627267007544,105.62019549555612
ISIC_0000038,0,1.8124506009575474,0.011974350235028223,0.057251627245139096,65.85746843590151
ISIC_0000039,0,1.4698420118551014,0.0010778414493499981,0.06968546452286845,51.48401427061708
ISIC_0000041,0,1.4756556864765407,0.030179512164197054,0.06847423288741288,48.08453883335602
ISIC_0000042,0,0.9692251475034468,0.0018323892142868246,0.05695880717310297,77.72796633453873
ISIC_0000044,0,1.5490752799427492,0.011688364171694138,0.0594192433695649,68.34895843335741
ISIC_0000045,0,1.6147611953444514,0.004135014853532722,0.06737661524851815,70.98169453384145
ISIC_0000047,0,1.6156620152593735,0.0285460789711476,0.07099934360090022,83.86509050926145
ISIC_0000048,0,2.0902371259278825,0.0015482380127094166,0.055387887424623854,89.28432744760265
ISIC_0000050,0,1.0719726713308695,0.003979201210989583,0.05199717139799418,13.949669108710452
ISIC_0000051,0,3.3148480805210676,0.010906839886114636,0.0692628478657686,62.378706928870855
ISIC_0000052,0,2.45329680888021,0.0013548981880664602,0.06443665764569925,45.311618214201474
ISIC_0000053,0,0.9284036370989388,0.005731845320264417,0.05240973990077915,45.723654711984864
ISIC_0000055,0,2.295582024529913,0.002305762205291482,0.052863730505280176,33.750657768401624
ISIC_0000057,0,1.3607129581021515,0.021666248475142102,0.07128374012813646,18.280856099174628
ISIC_0000059,0,0.9877294905858174,0.006097466358500767,0.051792248259504244,65.98263633750102
ISIC_0000061,0,2.397879519100524,0.009678965167689582,0.06857977166715183,45.02845710868641
ISIC_0000062,0,2.7795216110353933,0.005204840053805848,0.0824855570311319,57.983148620996346
ISIC_0000063,0,4.20469016729683,0.027226354208954466,0.06397623284457765,104.43102966016457
ISIC_0000064,0,1.8258997861710986,0.020430803768807418,0.06436719559211053,40.695370571831944
ISIC_0000065,0,2.0687781382293924,0.033780700928338334,0.04952410250850755,42.743237847940975
ISIC_0000066,0,1.7213454579053886,5.118726005971847e-05,0.06604823421083124,107.27341589293908
ISIC_0000067,0,2.0390063550092816,0.0017702007899060845,0.07027984497251083,60.1755644830715
ISIC_0000068,0,1.531173570833427,0.0015290396583975021,0.06525102528186301,48.23204980020475
ISIC_0000069,0,1.9025705525479775,0.004420650405791872,0.06742442511246335,27.70376560509554
ISIC_0000071,0,1.3265635160605256,0.015364317565565671,0.05823335043511367,9.748885729088798
ISIC_0000073,0,1.2622411139935648,0.012942568530502534,0.056470895625903246,15.033884864459353
ISIC_0000075,0,1.1484086777289937,0.0006454002430923062,0.07204863394279029,16.09602830236767
ISIC_0000079,0,2.509717397914312,0.0105716743849676,0.06428777125825154,38.91229425035098
ISIC_0000080,0,1.7209636930040657,0.004166017751090628,0.06515748177374774,85.65571955574514
ISIC_0000081,0,3.030542780618752,0.002719450760108778,0.0628908971389944,17.043190466025294
ISIC_0000082,0,1.600095856694184,0.03223114725903724,0.05660027702676884,72.97170001688269
ISIC_0000085,0,3.332874658958479,0.016684341256430393,0.07043770887029921,75.20956533267038
ISIC_0000086,0,1.8901743370832893,0.0009391303634629861,0.06617915847791028,42.26909393081327
ISIC_0000087,0,1.886096568134246,0.0008327126705620628,0.05504539170718851,59.15279701229028
ISIC_0000088,0,9.96340030576348,0.00046022475486426974,0.08103107200287901,93.36878469698436
ISIC_0000089,0,2.663489438180191,0.010544030684807046,0.06915289119539053,115.87727527806041
ISIC_0000091,0,0.8393366237985478,0.004603216175279023,0.05191509210671358,8.105198849874085
ISIC_0000092,0,1.1589721737296217,0.003212232647039586,0.06612371175497701,13.911303439820443
ISIC_0000093,0,1.0871409808998675,0.0003198763589096446,0.06249683459112875,25.328620494402443
ISIC_0000094,0,0.9297013026925074,0.011517568927544386,0.046856133877355176,17.021635920457186
ISIC_0000095,0,0.884486520526498,0.025930800688254634,0.05316277582752625,65.78419179984785
ISIC_0000096,0,0.9057956902136287,0.028008741881850624,0.047908141209863135,16.207076193528792
ISIC_0000097,0,2.6288371067602587,0.0024603238405853864,0.05875496036593881,56.3198343757912
ISIC_0000098,0,1.2283716825333815,9.586160380233491e-05,0.05611967480639628,48.81641332769152
ISIC_0000099,0,0.9575657710458007,0.01366594267797456,0.04697174376055061,32.018831439624336
ISIC_0000100,0,0.8410132681501823,0.011940409514310957,0.05028701575983833,65.33615815555555
ISIC_0000101,0,1.6087157711803637,0.010077471079828185,0.06563300227670213,23.241641462240295
ISIC_0000102,0,0.8675056736048717,0.006887801405717837,0.05726082053283932,32.90890780685022
ISIC_0000103,0,0.946775584648108,0.003705387925108338,0.06123678434099856,91.75966488911646
ISIC_0000104,0,0.9020614658566596,0.0015166658964318484,0.05688498604000025,29.522319284009185
ISIC_0000105,0,9.59948819642663,0.0022081868524194918,0.07002275647515357,85.12630018681382
ISIC_0000107,0,2.840506156623024,0.02428057039017983,0.06380634237257919,73.23629374155588
ISIC_0000108,0,1.892794235118773,0.003977410218570109,0.06510995525767241,86.70394491714687
ISIC_0000109,0,4.292382946371856,0.020041518781241878,0.05658813413408722,61.31052501782861
ISIC_0000110,0,0.9572171943439316,0.004424176663448135,0.04843943996481545,16.439291064220527
ISIC_0000111,0,0.9620029320568919,0.014852949061538381,0.044752230856791815,96.98696464690383
ISIC_0000112,0,0.8945205860271922,0.023958313726228347,0.04797864604916939,18.424911787135784
ISIC_0000113,0,0.868193379637427,0.010082665606862265,0.054551586574252145,31.256959035496664
ISIC_0000116,0,1.0591911177866766,0.040253037768691526,0.045657020732540375,27.476845631755367
ISIC_0000118,0,0.9076709293726338,0.04260942519259,0.05344776388600404,36.411259179622334
ISIC_0000119,0,2.669532027957966,0.0037836596292226067,0.05939248769700116,81.26085688140648
ISIC_0000120,0,1.5317193229890336,0.02606470039196738,0.052793481101050616,40.03289472172804
ISIC_0000121,0,0.8544681451736297,0.012311607068104613,0.0669405915940832,10.058829858315164
ISIC_0000122,0,0.9418811313824917,0.006007465999573469,0.05072367935003269,15.298122157548818
ISIC_0000123,0,0.9528912224559976,0.015908689088658896,0.040556052276941534,62.899339799512674
ISIC_0000124,0,6.087044406514875,0.0027270849554181516,0.06462463100628682,57.18807447728331
ISIC_0000125,0,6.064857381833191,0.0044603813188735355,0.06585877904426911,66.35839041095889
ISIC_0000126,0,21.160874249068847,0.00030035138479433954,0.06780156142194091,63.65810828305834
ISIC_0000127,0,0.9127361971284929,0.0030414129687981236,0.05107246448565858,17.034582608151595
ISIC_0000128,0,1.7050226161142907,0.00258832120881063,0.06629949487035003,52.5370285720964
ISIC_0000129,0,2.688017488766748,0.006811942242086846,0.07261876336455578,67.35678690663063
ISIC_0000130,0,1.0274544825512006,0.02167086228455557,0.050809530346238516,88.99992624075327
ISIC_0000131,0,1.1631577516649165,0.004067762809428662,0.07351663607691701,34.614199645363726
ISIC_0000132,0,0.9058425463474464,0.01600209597188212,0.04530620516638073,27.169249025934903
ISIC_0000133,0,0.876336736148938,0.014454017778195632,0.05914065390894042,35.859154714342566
ISIC_0000134,0,1.0119114958062017,0.01686192681747407,0.04812412471622043,62.65163969555641
ISIC_0000135,0,1.753142000349809,0.001541449412786841,0.05767069199564912,88.59918318276758
ISIC_0000136,0,0.9916394880921954,0.03801352083097185,0.053408054627951465,137.12071045014898
ISIC_0000137,0,1.550731529163466,0.007593002668648797,0.05365710411176013,23.76366061892608
ISIC_0000138,0,0.8480323280335164,0.0014581438395192372,0.05575152168224534,60.921941989994856
ISIC_0000177,0,0.8857023780533063,0.024627831685031496,0.05762890329599295,75.92314657431972
ISIC_0000179,0,4.27190811788627,0.03500455505809136,0.0660399988800596,126.87566915723507
ISIC_0000181,0,0.8498182402568175,0.009140616916930393,0.05010942956089087,86.9189849367729
ISIC_0000182,0,0.8225711685840209,0.010658507693176437,0.06648425851144799,26.30634557246023
ISIC_0000184,0,0.9185389674826111,0.0073781016379124926,0.046745843841480506,63.53051393967809
ISIC_0000185,0,1.2517558964354745,0.006821786899444331,0.053041529865265384,23.51421670785362
ISIC_0000186,0,0.8847816943360648,0.0001042358707400649,0.06352946835748019,57.50256153054136
ISIC_0000188,0,0.69317823901866,0.014785178937017918,0.05837436502818569,18.126879058934833
ISIC_0000189,0,0.906451514006043,0.004280587269756188,0.05157850038065376,36.29510630240878
ISIC_0000190,0,0.9500366533873709,0.023422837841048382,0.05708214796270979,77.19406373039217
ISIC_0000191,0,0.9137986990610011,0.001980351427644544,0.05294876687468349,62.892295791314766
ISIC_0000192,0,0.9731041905747269,0.0006958197187016712,0.04340712922706917,96.50833659880425
ISIC_0000193,0,1.0217139826941983,0.011354657408811182,0.0394129196957303,73.37321634161694
ISIC_0000196,0,2.758760078378446,8.808927985653182e-05,0.07324856159318248,107.64987499776606
ISIC_0000197,0,3.7004289396746803,0.005811919099948184,0.0632401298816893,89.28556645056491
ISIC_0000198,0,1.0387890184312936,0.005458954828187224,0.07151671223513328,12.309647585380588
ISIC_0000199,0,1.7974219816599293,0.003683925915911856,0.07258378131651883,71.45164462234598
ISIC_0000201,0,0.8910559150939473,0.004780616475378944,0.05657059085681393,73.30512715165489
ISIC_0000202,0,0.8063739807390854,0.0022688972844243935,0.04367119276219718,41.58153657988288
ISIC_0000203,0,0.7388924468702088,0.00028229432966327296,0.036507399354223,41.80289444706622
ISIC_0000204,0,0.895874838261503,0.0013553423328143996,0.05930930584881741,57.109007207061595
ISIC_0000205,0,0.9260503976595682,0.0029499756146044312,0.0508894583114237,42.21109904162515
ISIC_0000206,0,3.5041768931759587,0.003942385643053072,0.0610832900700958,126.94289394558618
ISIC_0000207,0,1.0517041015351494,0.00054885381404924,0.05195833997587274,30.83375899869725
ISIC_0000208,0,0.9273465453613571,0.004955526428306079,0.04807137094166159,33.943111974881276
ISIC_0000209,0,0.9224789820168408,0.019714742080171602,0.057288684892515054,60.917371372550605
ISIC_0000211,0,0.8296499819512575,0.0024639428985926367,0.06490590722524361,111.73668945154921
ISIC_0000212,0,0.8181878586437517,0.00037920894040843035,0.05231573968435279,74.39719151173068
ISIC_0000213,0,1.6523828973489891,0.017471170789337118,0.06099282136523267,62.534598796883245
ISIC_0000214,0,1.2836283164041615,0.021161964966655743,0.03730108340055065,91.71330630260678
ISIC_0000215,0,0.8836518656039216,0.007485640235245228,0.054183410178980346,39.203722780577834
ISIC_0000216,0,1.6103680677537116,0.0006833511600600633,0.061902891108529784,69.26190944130568
ISIC_0000217,0,1.002905027525313,0.0056206769395805165,0.049722303038818694,45.847916357704264
ISIC_0000218,0,0.9531865211200441,0.008000491993917166,0.04758654775383677,85.89448747539575
ISIC_0000219,0,1.0753427908582995,0.01853167287495003,0.03714151688379046,45.19780428397479
ISIC_0000220,0,1.0596344252306098,0.007041357388125842,0.062842902158689,48.68689960424723
ISIC_0000221,0,0.8704920769639786,0.0008828549567401071,0.06644043814396661,80.13970490750518
ISIC_0000222,0,2.0951719419512695,0.013046714747890157,0.06813094704095653,55.5746061189636
ISIC_0000223,0,2.906475192248881,0.0008898398273258621,0.05926604581336484,51.612740555145194
ISIC_0000224,0,0.9611600165393874,0.00404171971604228,0.06259006517537045,70.36434518978481
ISIC_0000225,0,1.6842384840686968,0.010943328714436363,0.061985009013229155,83.69592807424593
ISIC_0000226,0,0.916230878069575,0.003974668195829295,0.0631567862743894,89.79329247671453
ISIC_0000227,0,1.8867341385937726,0.005966343181616346,0.0648796953028644,67.47611848451353
ISIC_0000229,0,1.2660298773881897,0.037223872140727095,0.04450837849025837,77.28219093063993
ISIC_0000231,0,1.9210453494298432,0.0033334200444115527,0.05903077007152529,30.935817591311675
ISIC_0000232,0,1.232652932874201,0.009965883578123228,0.05656962047221959,36.70572883422534
ISIC_0000233,0,1.3867297266230258,0.009023832172146952,0.07447712474287595,32.395043092565174
ISIC_0000234,0,0.8198985777160613,0.0015835141778502355,0.057875615315935026,34.24269001163498
ISIC_0000235,0,0.8839629521125406,0.004540561620625052,0.06016886805888335,59.093924756686235
ISIC_0000236,0,1.6544741200947963,0.018182713441867566,0.07061845760587325,65.40227937037801
ISIC_0000237,0,0.9667237761462757,0.0010677984946980308,0.046717068393888075,54.15578356525347
ISIC_0000239,0,0.9266357349377572,0.031156476304820605,0.0568240150457282,80.1063503866746
ISIC_0000240,0,0.9686161238604986,0.0014762016188905969,0.056528761592192195,43.842747466702065
ISIC_0000242,0,3.102328053953736,0.053804528844448064,0.05252892996512254,30.91041648914515
ISIC_0000243,0,2.340236810519722,0.001205927439959121,0.051716660420775086,33.65518964752394
ISIC_0000244,0,2.21118701377145,0.016665674668982312,0.048717178180643896,32.79705969725545
ISIC_0000245,0,0.8829645521345294,0.006165267792016608,0.042547807870906305,20.076453504083872
ISIC_0000246,0,2.571784680042213,0.0016849363039321635,0.062036810654922656,27.432150414038347
ISIC_0000247,0,0.8593521228773139,0.0029537329866912362,0.05026792532742949,15.996217860422377
ISIC_0000250,0,0.940826487075304,0.017369968964788846,0.042672082096014446,46.07465790593392
ISIC_0000251,0,0.8077786963199093,0.0017627753360932958,0.060747309304416575,101.33175537844562
ISIC_0000252,0,1.9195065546631882,0.011288825573614799,0.052505126034538524,46.3467225476482
ISIC_0000253,0,1.761057974593767,0.0007637614888326255,0.057228004509711335,46.2742949695122
ISIC_0000254,0,0.8616302233183175,0.0010121642808162592,0.05247080947716516,44.56311452285357
ISIC_0000255,0,1.6664692302648663,0.0030731418475765777,0.06590624124298627,17.194441363882476
ISIC_0000256,0,1.906583741121018,0.007206386830050746,0.06381762988079369,57.93330119109657
ISIC_0000258,0,0.9970056224665362,0.004583636208556901,0.040590592955596964,29.837065635281505
ISIC_0000259,0,0.4391674454477652,0.001233735802028445,0.049058619828267085,13.432938044476316
ISIC_0000260,0,1.8939933193873895,0.00895832144864648,0.05959755538056882,47.4005023693874
ISIC_0000261,0,1.1064966472049695,0.002836451418225709,0.061096854090200284,27.979688303630482
ISIC_0000262,0,2.3996624836071923,0.013112085752312775,0.06925737803971752,30.828402366863912
ISIC_0000263,0,1.591147543139817,0.0010975242825665098,0.06121519538624418,89.6647057909475
ISIC_0000264,0,1.054240121237155,0.006257995959268959,0.04952661232906624,18.69011493240103
ISIC_0000265,0,0.9746995943261278,0.01339435670460428,0.04215985610065367,50.5208532122783
ISIC_0000268,0,0.9203874493985946,0.008384585157228107,0.04349948037039506,26.55896493796925
ISIC_0000269,0,1.4868306722149567,0.0005895558001725269,0.06477671469197661,33.577252804091074
ISIC_0000274,0,0.8940481665014727,0.00268461186651236,0.0375813605508798,92.57939401624962
ISIC_0000275,0,0.9410861280144902,0.0014470935530081657,0.046281060988935536,22.591187702100996
ISIC_0000315,0,0.8329373049902419,0.0033942044097567776,0.058857292746140495,66.46997962237117
ISIC_0000316,0,0.9266218258692565,0.0016694315458450583,0.0501697659069129,10.219823337402914
ISIC_0000317,0,0.8534202113242707,0.030796920387338445,0.05219264069264069,58.16931216931215
ISIC_0000319,0,0.9828703203648977,0.05385849285084683,0.049190898798483935,63.75196639608049
ISIC_0000320,0,0.8601630454274084,0.014168282461008914,0.05267317144921631,23.594161671031742
ISIC_0000321,0,0.8613812158960185,0.00028477413460630224,0.05856054629357457,57.79414834982239
ISIC_0000322,0,1.0778629469327303,0.0006972041532148872,0.04636802015232644,77.90996825705645
ISIC_0000323,0,0.9003903978558424,0.017650253920843528,0.04620801008417108,9.715805641628378
ISIC_0000324,0,0.8590163707430696,0.002557096656805254,0.0623853010889315,23.025772676935475
ISIC_0000325,0,0.9791798995602523,0.021379279651568498,0.05637362585425536,69.08396866414284
ISIC_0000326,0,1.042214362945969,0.03579815094644767,0.054619309206169565,56.12611701416051
ISIC_0000327,0,0.851875478559276,0.0042966352324089055,0.05498610943579983,76.53918274466326
ISIC_0000328,0,0.8799904240809919,0.015668927413091074,0.04964114491016281,6.614582259187557
ISIC_0000329,0,0.8770610522442108,0.017669396051391433,0.07300055056169608,56.299232888647
ISIC_0000330,0,0.8917591753967671,0.00768898325070367,0.05539064982718234,111.3413997765768
ISIC_0000331,0,0.8500320272055838,0.007388205357350609,0.0688685900295678,49.91640458601495
ISIC_0000332,0,2.7173408359418643,0.0013221260894967588,0.0714227520989959,84.62378539544127
ISIC_0000336,0,0.8490154955906337,0.011086336202630071,0.06035260552178711,77.91231497923303
ISIC_0000338,0,2.4416601530896025,0.007315057765443815,0.06637777088569354,108.71969576719577
ISIC_0000340,0,0.8905170009261761,0.004310777907773482,0.04902490946060926,66.65954725741341
ISIC_0000341,0,0.9962531104513394,0.009649935976349845,0.05082993018844901,44.33358158112955
ISIC_0000342,0,0.9553761436903611,0.002738554844570314,0.05108871471142638,73.72329024186823
ISIC_0000343,0,1.2550352175398622,0.0008682794547161369,0.047658223082546816,41.84529577019123
ISIC_0000344,0,1.305127403419986,0.015442371400249798,0.0501914557006398,29.731225289679173
ISIC_0000345,0,0.9136225956117777,0.002466257118514865,0.0449866975130133,74.23343156843157
ISIC_0000346,0,0.9876317278148543,0.010269467900113308,0.0566773264752019,41.781710753567864
ISIC_0000347,0,2.558526231105685,0.0006486227979524328,0.06477294337614975,16.815062272800617
ISIC_0000348,0,1.014773069307604,0.01125808548061635,0.0489149932153266,107.1817050642725
ISIC_0000349,0,3.25379683673582,0.0023187592653637597,0.06826908670912099,62.467031437297834
ISIC_0000350,0,1.0986807752072394,0.002265694998806844,0.04126507903487308,66.81362923922532
ISIC_0000351,0,1.0691828306650775,0.002849403735884898,0.04640546179826365,76.49271591258454
ISIC_0000352,0,0.8859898899550473,0.009096411802561676,0.048140975038033856,62.12916583015459
ISIC_0000353,0,0.9732302751012858,0.02001112201399155,0.06008348752460964,63.18819782034146
ISIC_0000354,0,2.968648394711063,0.008362797363263173,0.07665280568174092,56.456650661124456
ISIC_0000355,0,0.8806132448927178,0.021792341612068496,0.0523796085333573,7.375729400537239
ISIC_0000357,0,0.9237795186713604,0.02027521406805019,0.04343428615625412,39.765071989946165
ISIC_0000358,0,0.8514737015905736,0.0017075226248268905,0.06142720940337039,14.265347581727326
ISIC_0000359,0,0.9504413903824869,0.010089776781489644,0.06094159662532812,74.1021056835552
ISIC_0000360,0,0.9046244582360365,0.008157084866143536,0.06886860184056981,44.73013453520366
ISIC_0000361,0,0.9705354996712211,0.0015973320434491552,0.051662513056398504,68.93126706518623
ISIC_0000363,0,1.0117824612619992,0.015587581743440208,0.03955695578554331,112.85785864629364
ISIC_0000364,0,1.0855071963558818,0.0028660881347096034,0.051638303488744625,77.6868410556405
ISIC_0000365,0,0.8442616986180743,0.005524687957439441,0.05015235349316575,56.577996065173465
ISIC_0000366,0,3.939573426602746,0.008837167606525816,0.07444036140348766,110.6909008894576
ISIC_0000367,0,0.8543411298202431,0.005009682053844712,0.05417577836085219,104.76258866493434
ISIC_0000368,0,1.0715403542314206,0.002778577363011676,0.06165064214882267,54.131323761335125
ISIC_0000369,0,4.23736246191507,0.0010426914209225031,0.0799135286657406,39.239228094825336
ISIC_0000370,0,0.9046185516074216,0.0033397940291424286,0.043607966718401635,83.24279271558044
ISIC_0000371,0,0.8341778632356726,0.032663141157547065,0.05989449298168086,108.81089175736297
ISIC_0000372,0,0.8840353729633538,0.0040078322841325485,0.0415648295931645,7.31049990523519
ISIC_0000374,0,2.499844419911025,0.04480027241375006,0.08117814363894114,47.41959825753759
ISIC_0000376,0,0.9045401991039778,0.019499335401654664,0.05494673236844037,20.66527539385686
ISIC_0000377,0,6.942545382439617,0.008220896134919475,0.07048411484805905,65.07910024587153
ISIC_0000378,0,0.8889485639847828,0.009501021257697306,0.055619906187050025,19.00289932116891
ISIC_0000379,0,1.1403760477506937,0.01432713998353196,0.04052517727271991,31.71964055673459
ISIC_0000380,0,1.114891395874503,0.009353677281287649,0.04699005584924455,46.66000240068051
ISIC_0000381,0,1.105809579957797,0.02789062829906214,0.05464427883894347,36.373692927572336
ISIC_0000382,0,1.2362010360278723,0.03839112501339782,0.04077345828507949,11.906936436210685
ISIC_0000383,0,2.3249860196460976,0.02257282834213804,0.06595805841273829,20.91409121982997
ISIC_0000384,0,5.692370550644724,0.0023774251626406686,0.0677119073345107,66.62392646636486
ISIC_0000385,0,5.199253208383672,0.024913916779572845,0.0685165839746653,57.19690487797237
ISIC_0000386,0,5.9647680729295365,0.014219392079998902,0.06612537524129172,32.85894934807163
ISIC_0000387,0,1.832245083343785,0.006538327341130782,0.06386348355527208,17.75823910839395
ISIC_0000388,0,0.8568568218553739,0.0003435455003851034,0.058049221224599906,14.006083728938506
ISIC_0000391,0,0.8235949220220301,0.0037457138367281446,0.06438435549582364,12.968274401625479
ISIC_0000392,0,0.9108661714166273,0.02521351748971306,0.051387388338166994,9.802411862271583
ISIC_0000396,0,0.9046821457699599,0.001338937299069904,0.05301862220735129,16.5815875479949
ISIC_0000397,0,1.109021486336838,0.02861602614785306,0.045181775424949014,19.074342321627483
ISIC_0000403,0,2.2174321147037,0.043891790883539186,0.06613835871769218,19.109327100864448
ISIC_0000407,0,1.1152688535781246,0.009896424545161008,0.04571417378147393,15.463229108997695
ISIC_0000408,0,0.9046851810002743,0.018458446953431153,0.037792223038245726,23.57593899653469
ISIC_0000409,0,1.5375951366857472,0.017641308264013875,0.06308063599916783,35.52879999169653
ISIC_0000416,0,3.3425573303810943,0.003673883318296889,0.06477026613661584,55.544044501543624
ISIC_0000418,0,1.2091421409788459,0.010924541185359377,0.045944798312088,31.553664369938986
ISIC_0000419,0,1.963730249559882,0.013242200649248966,0.04331630911768016,34.55035439289264
ISIC_0000421,0,4.475597930082011,0.016281223353707703,0.05388499442250192,60.47826079434475
ISIC_0000423,0,1.6810710027132982,0.010848424928011214,0.06715864762083902,35.7308074801891
ISIC_0000425,0,0.9034204759911506,0.025578785513916385,0.048643249467561926,18.825445839189626
ISIC_0000426,0,1.1056212917748895,0.03251702756948861,0.0402529076677629,68.00088252236756
ISIC_0000427,0,2.006376014433501,0.05051952043320477,0.06421216580007094,76.3824249666343
ISIC_0000431,0,1.0600803624207429,0.012844296248886996,0.04312688832112487,56.913501804499504
ISIC_0000433,0,1.1176966672806383,0.0117513789402093,0.03947935417065259,23.900386591223565
ISIC_0000436,0,0.8261976911205714,0.0009053889526549941,0.05551414406906302,14.768451235395275
ISIC_0000439,0,0.8935960302568773,0.02530492023951943,0.05731624811086635,57.04810929435905
ISIC_0000442,0,1.0401212090794647,0.03428209205521473,0.038860906264240574,23.606282977964554
ISIC_0000443,0,0.922234799495691,0.007909601116102062,0.054089715142925494,17.242241074271988
ISIC_0000447,0,1.4755701003495014,0.031677671230662605,0.051763709190332526,9.932511602538142
ISIC_0000448,0,0.9846608010720446,0.02962451407525623,0.04200408373044828,32.19093319032743
ISIC_0000449,0,1.6159512204102253,0.02212896573754857,0.05972996226845062,88.17486956884679
ISIC_0000451,0,0.8482887817590659,0.008339703280532509,0.059560873219904276,45.88413935218665
ISIC_0000453,0,4.905081997368537,0.012666871000219519,0.07239207764728714,29.695211088710508
ISIC_0000455,0,1.8807111470561941,0.015328812341740074,0.06166500259224101,27.415218401794334
ISIC_0000456,0,3.166773101131096,0.01233571655711074,0.06532322350480756,12.92136702492462
ISIC_0000457,0,2.71620772708015,0.020323750577411887,0.06775178212483952,30.2972273120578
ISIC_0000458,0,0.9549751289176778,0.041420922501290015,0.04220491214259064,17.089320331493326
ISIC_0000460,0,2.5544715652528613,0.008128956911918372,0.06457469575784526,37.97272279843335
ISIC_0000461,0,3.5635131289171156,0.0022464857364674013,0.061141084786383235,14.777715396259794
ISIC_0000465,0,1.9361089410359207,0.01536565019134948,0.07409152415211578,32.41738588817944
ISIC_0000467,0,1.3352915191504542,0.0003135389672274813,0.05206417919132444,57.94009061795478
ISIC_0000468,0,5.847714487104081,0.002981745587506039,0.062093699556876956,22.004422676838402
ISIC_0000470,0,2.5906177621369944,0.012390209626419955,0.06719008240683495,43.74905403447775
ISIC_0000471,0,2.1954744917875124,0.010274380526977541,0.061720235364398225,75.27122770360754
ISIC_0000473,0,0.930824511324178,0.006713255627756236,0.04906560510541514,9.717941647523844
ISIC_0000474,0,4.862134148902716,0.0017005764760060589,0.06409510719196819,45.50599324594131
ISIC_0000475,0,1.0340908981342514,0.01075056485416223,0.03585792317073705,62.749908916269206
ISIC_0000476,0,5.380416124167993,0.023018106301498222,0.040055385127237164,60.53429168157493
ISIC_0000478,0,3.8434435666671845,0.0029917532180365803,0.06685633860561521,7.593196043307046
ISIC_0000479,0,9.519897129547847,0.019265541938391535,0.05505627503558684,30.66598832673776
ISIC_0000480,0,6.457459946260602,0.01616566754597477,0.06278301035854633,37.81201334816464
ISIC_0000481,0,0.7591912756893885,0.016184046760039702,0.03854277805672062,28.392547447352428
ISIC_0000483,0,2.2510052435287706,0.011686694833754402,0.06675970431363118,52.988996939448995
ISIC_0000485,0,6.977242843694864,0.040820418629768165,0.061942370635685175,47.91774305473221
ISIC_0000486,0,1.8359018282532091,0.016077470879198044,0.06303275146389249,33.49318395155214
ISIC_0000488,0,2.2043429284891776,0.006263830436210799,0.059886876041815314,18.253325283899528
ISIC_0000489,0,3.5018438638934106,0.027414903443340306,0.056321275224609384,34.86251139993344
ISIC_0000490,0,0.9928415620296062,0.02371950691153869,0.045188007225299476,42.23958608236684
ISIC_0000491,0,2.742395548590477,0.003987130530474377,0.07059592952678538,45.086404657867945
ISIC_0000492,0,3.7022244039260013,0.013891657206243012,0.04742996146501808,5.11074325745588
ISIC_0000493,0,2.0560541808727235,0.0024074908530405193,0.06081482558738161,45.73931856258535
ISIC_0000494,0,0.9035916965650308,0.007487925100913428,0.06500912290894928,15.388899089126397
ISIC_0000495,0,1.3169581246262636,0.008430307223107463,0.07028511072327422,63.316243413844816
ISIC_0000496,0,1.5326175351437281,0.002226471274723718,0.03836034658842867,48.25657051334328
ISIC_0000498,0,1.0012592379298635,0.005187053189274229,0.04125079734715028,48.00295398984517
ISIC_0000499,0,0.8985406874068188,0.004417071322449532,0.05107339947363968,23.780170711732353
ISIC_0000500,0,1.0223869990844956,0.011303240211618508,0.04170831303399422,20.967448040934443
ISIC_0000501,0,1.7312745567211187,0.02448074015257129,0.06528242386858478,43.87749592871276
ISIC_0000503,0,2.9793928017649733,0.019057217463007925,0.07067537689735,60.951868554129064
ISIC_0000504,0,0.8581808212849694,0.00625770779934785,0.051046157323266526,23.44670229333542
ISIC_0000505,0,3.6268099821726087,0.024021883033525395,0.054745461376555324,83.93630556589483
ISIC_0000506,0,0.8527864020168722,0.005591918344628568,0.07194302377469047,28.771511423312177
ISIC_0000507,0,1.251977211597469,0.017129842253673665,0.06275876140905425,30.591069235047144
ISIC_0000508,0,2.1664542362051393,0.006639010054577928,0.050211088239167444,26.95137676056703
ISIC_0000509,0,2.5383390675192525,0.0051090074444921476,0.06076210465083795,23.640473752538156
ISIC_0000510,0,0.9847622579969388,0.0005095793753296142,0.05065737471996909,34.94690937441385
ISIC_0000514,0,2.170745936433276,0.004963301934613317,0.06942329407209676,31.535546217418954
ISIC_0000515,0,0.8866737127704181,0.006304377809336618,0.05751710875210474,26.5777965160151
ISIC_0000523,0,2.361359532680394,0.0016328916789134682,0.07579122659771141,28.427557924456835
ISIC_0000524,0,2.237875610088146,0.018031512814835077,0.07664087294291994,67.36519312027053
ISIC_0000525,0,2.0588075341762897,0.002685887192737905,0.06477637349143389,16.984206315324855
ISIC_0000527,0,1.1360580607079818,0.00030108900509293317,0.04887688125772283,26.51020898499479
ISIC_0000528,0,2.1210106275196834,0.016826778820573547,0.062370002394424244,14.242000012322109
ISIC_0000529,0,2.237454275557801,0.00978219528428747,0.06310454290400941,35.58784905518337
ISIC_0000530,0,0.920344887119142,0.021494969571929236,0.05990727968203642,30.623122822952666
ISIC_0000532,0,2.0398987848386376,0.011509721741582395,0.04708312880134259,89.33005337042582
ISIC_0000534,0,3.029625765552968,0.00105815943197687,0.06784653713811122,61.47189896061303
ISIC_0000535,0,2.080745984276732,0.010397532113462879,0.07096009488972907,29.616173847119853
ISIC_0000536,0,1.4623827567055636,0.043925376252792414,0.06276764702952486,28.586470267321317
ISIC_0000538,0,1.8159680157953293,0.00382040700088834,0.05654835584174814,96.02266385967225
ISIC_0000539,0,2.657769990189052,0.0006089429359574715,0.06536495580715476,58.07921747890137
ISIC_0000540,0,3.259874735794566,0.014049409663887135,0.06535766681196399,29.303733749571563
ISIC_0000541,0,1.5907311754423221,0.0009512917258997189,0.06282721217605788,39.50820498764733
ISIC_0000542,0,2.592940560691797,0.036224851639331306,0.06440201405919352,29.847544186796853
ISIC_0000543,0,1.3678659267257305,0.002038646739362504,0.060835727088962795,36.11873802220596
ISIC_0000544,0,1.9377789003577275,0.01789212672576176,0.06447347506285556,56.030674209792636
ISIC_0000545,0,0.9306937286418189,0.007788705884816939,0.0505355217010988,58.741273055099185
ISIC_0000546,0,2.1644892100872672,0.021699581573042793,0.05458439725547073,29.70330678471217
ISIC_0000556,0,2.631957872606839,0.0062316315634618116,0.0701311114768143,20.114785088323345
ISIC_0000882,0,0.9022024036578157,0.003031258220550905,0.04825890415293992,12.2172546188404
ISIC_0000900,0,0.872627424079518,0.002679217542786282,0.04195389701495485,4.055606697954659
ISIC_0000999,0,8.001445615040197,0.013856717727693897,0.07284330890678244,41.20281637108894
ISIC_0001960,0,15.108320327003952,0.004929098930361387,0.06417087045077813,150.4721789660105
ISIC_0002093,0,2.4633938755399543,0.00953947312646807,0.05703380530357087,19.729617863509432
ISIC_0002107,0,0.8483030910880072,0.011769736417908353,0.05626283167495754,29.50891903139552
ISIC_0002206,0,0.8268795242042032,0.0035993899109258375,0.05721946182567303,4.899793831007798
ISIC_0002246,0,0.9256810231434304,0.0010070506574598828,0.05051504130944331,26.34216631253898
ISIC_0002251,0,0.9768257631403469,0.0031877483800621053,0.04592874263979211,22.012559465653908
ISIC_0002287,0,1.0972388451235409,0.01073773329250684,0.055624580272500855,13.223612519111327
ISIC_0002353,0,0.8365450354882829,0.020222924545779692,0.04683274078643541,11.845072116394078
ISIC_0002374,0,5.871155689548216,0.01618408924768776,0.061794853649037945,18.623521063076197
ISIC_0002438,0,4.109694455988203,0.001958328551527344,0.057248546296447635,182.95810503166865
ISIC_0002439,0,3.229532109512433,0.037964508670616424,0.04572508035791549,64.6581909603722
ISIC_0002453,0,1.5512071841293598,0.00011013842468036499,0.06260995895376231,24.255906603368203
ISIC_0002459,0,0.8890672586197356,0.0004563235411906655,0.057129717688607105,16.08530080393834
ISIC_0002469,0,2.236481671722403,0.016111792082991565,0.05562662438559685,19.53005825167014
ISIC_0002476,0,1.495749630117272,0.01920669739059654,0.05440321619295323,8.296015101923501
ISIC_0002488,0,2.0844033743409445,0.0027831746600151157,0.062049367958167234,4.723582923191401
